video_id,uploader,views,rating
VeHBn4mKs1s,DrumTVShow,11602.0,2.45
Vex-Tgy5A04,Samfisherc,13694.0,2.1
Vf_omsgpQjw,zepzrxzep,16423.0,2.6
VhFZnBcIMK8,farahhappiness,14692.0,0.0
Vil8oszWxtA,Adamapetalon,10917.0,2.31
VnCzv_hrMik,jodahodge,28163.0,2.34
Vp5qYej85V4,ssdccdcdd,31390.0,0.0
VpwJJIkl-Qc,OktaySaglam,10259.0,2.0
VqXTaN3pMb8,Steelberry,21495.0,2.5
Vql4EvMnEJQ,geomand1,41542.0,1.74
VqocUKiLQtw,Bruninho84,12878.0,2.84
VrON5vFTikE,joakinazuara,12352.0,2.08
VrecOM0vbfc,ScottyDaytona,35756.0,2.97
Vs22ucEnJls,Jonathanj90,28693.0,2.4
VuJNalM0KlU,punkrock123,52406.0,2.63
VuqSVwXm3Ww,DeJadela,178838.0,2.34
Vv8ZQBqYbHw,meechadnb,11515.0,2.38
VvBFn15lB20,jakea10,13977.0,2.07
VvluLHQiuus,tyrantmichael,11146.0,2.5
Vwc597xh18k,kelloUK,39780.0,0.0
Vy9pcGVHPM4,bafulford,11091.0,1.0
W0hWAxJ3_Js,onedeaddj,21152.0,2.01
W0oIY3WU7XI,feelmywrath06,13535.0,2.41
W1BNuTsxWts,SWALLOWIT,31446.0,2.19
W4Yu2OsfZC4,view17,76177.0,2.07
W59hE7Iv9KM,HHmontana,13079.0,2.72
W5bD7DULiLg,pg2xatl,25368.0,2.49
W6_EV6zY9sQ,brianstreehouse,195319.0,2.49
W6sLfPiV5-c,pietastesgood,44039.0,2.7
W7aKfzqRDk0,Lukyno88rulez,10806.0,2.5
W9JSvEMTPTY,strballer23,23567.0,2.22
WAi3dazcQAk,Ravendark82,18241.0,2.14
WBd01OyCkns,cownaf,144223.0,2.04
WC5myzWJFyw,Stunts,75664.0,1.91
WEQqDJkC5Og,bf1977,14706.0,2.0
WEvpzF2YM7U,chevyman18,17689.0,2.67
WFuzqL5j4q4,lorddoc2004,45693.0,2.96
WHXyoDxbFus,bruno2298,11143.0,2.52
WIUwi8oAAss,cacoseraph,62092.0,2.71
WJJsOPNKaEc,JohnZupancic,11588.0,2.9
WJeT3IIWIkU,JohnnieTV,68773.0,1.59
WKD9COJD1dc,yesmax,69785.0,2.81
WLGYjrPy1io,Hawinaa,13828.0,2.35
WMVcH3bWxfM,Zmup,22267.0,2.06
WMcIi02ADZg,hannibal061,24591.0,2.78
WNvDdLHBxeM,javlink,39704.0,1.5
WO_VwQ_r7qY,DANZIG7SEVEN7,18666.0,2.22
WOc9t6bCJbM,sumnewgoodsoup,192748.0,2.24
WPMoeiQkZaI,FATHOTGIRL,32604.0,0.0
WPMs868DLi4,hosenut,12625.0,1.82
WQ03t29Bq2A,jbigga,828418.0,1.86
WRad3B07XeI,PeteyGunz,23914.0,2.84
WS5zN67kdmY,ubahnguy,55294.0,2.09
WTgNCxvbvzs,stillofthenight,11543.0,1.67
WU0aowyM4G0,TwoWeeksInDallas,10377.0,2.67
WX0A8M8XpZA,gatewaypundit,82220.0,2.29
WYHHUbntf6I,HollywoodTuna,228884.0,1.51
WYoyId0YH4w,thatsjustduckie,32623.0,2.5
WYyrZBmWXOg,cownaf,169255.0,1.88
WZ1iM4A9Rno,1230567,10635.0,2.37
W_l95pbNzhk,tank13,16405.0,2.98
W_vlIX_kEHY,nogreen8,50007.0,2.1
WaBClJEEaiE,MattyAndrews,13048.0,2.8
WaQXhhx-rYg,maddylemons,20879.0,2.44
WfzcO8KGJtg,3dscott,23048.0,2.49
Wgy-wkAsyl4,ridzler,10543.0,0.0
Wi8qVTFCTVI,N231YE,18097.0,0.0
WjX4ft-RuVQ,Dee23reid,26638.0,2.18
WkCLVZed3G8,nokk77prax,115716.0,2.76
WkQOTjefKvc,accesseonline,26835.0,2.11
WlDWIl5rslI,PantsVideos,46371.0,2.71
WpAYq2oSErE,mindwong,10653.0,2.87
Wt1ubJ_D6rU,borrisa,75869.0,2.42
WtgZvCehgf4,LanysNevelesser,14017.0,2.0
WuT6Kc1Chl8,rasheed106,109085.0,2.67
Wv-eLDisJ90,ParachuteExpress,35442.0,2.06
Wv0u-IHElyA,XtremeTekno,44405.0,2.49
Wv12hm6A2q8,numanumafreak45,29187.0,1.93
WvD-31VIDXI,drewj,19339.0,2.86
WvYf8oc9-w0,rikkwynn,18091.0,2.62
Wvo2lQe81xk,paulwmendez,24737.0,2.8
WwzqYc7fgvs,TheNextLevelOhYa,16507.0,1.96
X-Hyj5rihOk,condarco86,19298.0,2.29
X03RsatCYR8,fujisaki11,129303.0,1.7
X0_1sS65l_4,mmui11012007,11773.0,1.91
X0yt_5XIao4,morffa,37505.0,1.58
X2MUzomD8CE,NoHoGirls,25911.0,2.69
X2qvunbQmYY,Midz,20655.0,1.65
X54n5Qsgt5s,OroFu,14286.0,2.6
X5EpqFYt3JM,proudnewyorker82,10354.0,0.0
X8RHsprP61g,MattApril,12225.0,1.9
X8ZwfW1ddnw,ATRTV,18117.0,2.62
X8roiqR1sfQ,miike12345,100435.0,2.25
XAfc11nZ5HA,undryoasis,11479.0,2.51
XB3O45nTVEw,gingerkidsunite,13362.0,2.43
XCZJWPdOnCE,partydollagogo,24327.0,2.91
XCxvZBiAreo,simonau,120883.0,2.65
XDLCV5Lv_P8,m3xlc4n,361311.0,2.55
XDLDRS1Hkgg,Javicentrico,63349.0,2.57
XE2ADqL_vBY,sexyhayley,13380.0,2.18
XEZeNUgQkoE,simpsons93,35068.0,2.69
XEafeXkk3Vw,C2H4O,33847.0,2.09
XFvaBVLxNOI,DarkPotter,44630.0,2.88
XGotoIp-y40,undertakers945,31007.0,2.71
XHditkoRzyc,ilovemrbunny,10208.0,2.46
XI-xPAcOVBc,stealthgunner,16484.0,2.38
XIAHXmGoEPk,ephesians511,13492.0,0.0
XJDOtzLVSOk,weckytio,49392.0,2.5
XKir_0qsrw4,nikcs123,68229.0,2.19
XLcPIolG_8E,BadBoyRecords,801639.0,2.08
XMKWVpzyPR0,miketurner2006,19035.0,2.82
XMnqsnR-o_s,soulo99,11978.0,2.14
XNgbBhY_3Ao,Matthewfreire,29497.0,1.84
XO42QbwKmcs,Ravejet,25086.0,1.62
XOpFc8EqrT4,chinaboyboy,28063.0,2.0
XPGe0R1aYMg,BillieJoeaz,10228.0,1.35
XR8rN0JPV2o,soundofspeed,33152.0,2.55
XRhcXwN81tM,Teh1337clown,44325.0,2.72
XT9t45n7WYU,AskASanta,17353.0,2.69
XUbi5d_eBOA,uspquattro,12377.0,1.33
XW4xQF4J8Qk,DaleATL2,416927.0,2.64
XWDIQSQjJcA,JoeTinkle,22874.0,2.45
XXsceZYCag0,lonelygirl15,478364.0,2.93
XaOuL1xiZhY,djtansel,13685.0,2.57
XbCysNYoqvI,maximecoll,10308.0,2.73
XdkIsfZ10rE,moxieinthecity,20102.0,0.0
XenPxh68bOY,XeroMaverick,23267.0,2.86
XgqNGg17rWY,langdonboom,10187.0,2.08
Xi8OffAwnzI,5354167,21128.0,2.0
Xj9y9Xwpf1k,pietro8888,10605.0,2.75
XkS1CJfT8Ys,jamesfabin,12812.0,2.36
XkcvUScl6gM,NegativeCreap,10607.0,2.55
Xns8EK9q3E0,MuffMedia,59141.0,1.41
Xny23H9YtAA,MelvinJames,11278.0,2.22
XpJc7fse5zs,dinger5401,15313.0,2.77
Xpsqz_DRq5U,elm0b0y,17881.0,1.83
XqmC5YCMOJo,nintendo1347,14297.0,2.51
Xr1lIB2miyc,idonthaveone321,14154.0,1.83
Xr7SbmBjunA,marc359,14001.0,2.8
Xs7T-zh-BAs,XavierEdge,24211.0,2.23
XtgNi1pSB4Q,silkiesmoothe,11861.0,2.26
XvL1Zb7JN74,Rae852004,21204.0,0.0
XwLCS18aMrI,unchargedmonk,29163.0,1.26
XxRUK6bVk_U,SoLiDSnK,11500.0,1.5
XxilVmlQUzY,MyVideosAreTheBestt,16910.0,2.55
Xy4yEBMWbUo,perkono,62522.0,2.83
XzNl7f5sbPg,1one1ygir115,48407.0,2.36
XzRSC8lVqQc,crimemob,100260.0,1.88
Y-U9P4B7J_I,nix06,10139.0,2.96
Y-hUtk0nwyY,cimbomlubaris,15687.0,0.0
Y0E08Soe_6g,mynameisfucker,18233.0,2.15
Y0v0krFAGY0,notchneed,44631.0,2.5
Y4yBvvGi_2A,superic,56598.0,1.96
Y5fokPkkdNM,Chadhead,26221.0,2.4
Y6DOXHdw5LY,antisnobsociety,26970.0,1.7
Y7v1C0VUhyA,disinfodave,24407.0,2.96
Y8OtzDgeurI,ronaldinhocrack,16632.0,2.75
Y91NLsepHL0,sincondonona,23494.0,2.56
Y9XXyRKfPSI,emorej12,17763.0,2.17
YAZm9HUQ7_c,serrov91,16932.0,2.89
YArnxqbj4RA,happeh,43746.0,2.0
YBAgjpMqEQo,writerdirectortom,268460.0,2.75
YFMamgY_TEY,neskaberoa,10013.0,1.77
YHdOyEhwDJQ,cubud,26802.0,2.12
YIFqYVAOosM,plorenz4,11914.0,0.0
YJ4NU6Fdxe0,fetishfrenchmaid,37528.0,1.35
YL5Sdw4DL7Q,tinklethepig,16051.0,1.8
YLBjOfZnoss,smartindie,12036.0,2.85
YLoj42QczWs,sciechimiche,85983.0,2.49
YMb7ZX08AaY,strutteruk,10002.0,2.35
YNp_C_e-WqQ,ashleeface,67358.0,2.92
YO1hvfUMcTE,doroki,13203.0,0.0
YOLmj0wKzwo,sambuca,16258.0,2.93
YPuo0Y0MnG0,pipus123,15499.0,2.29
YQ5JAGI_Bh8,mixmastermandi,218491.0,2.35
YR-fCezYxes,rmw1342,75064.0,2.45
YRgVrqLMN_g,smoof7,10082.0,2.38
YUgGGE-V-IA,AmaLOL,34292.0,1.68
YXDAHEBgEe8,euvucan,17691.0,1.45
YXdNOqYXPF0,smoothmedia,37443.0,2.16
YXuevI9ro9M,sokol,11519.0,2.58
YZ2AoYa1mJo,jakeboldt,154504.0,1.45
YZEwn88hTxI,superfuntime92,11803.0,2.16
YZu1G_nipkM,tjnalfvids,11151.0,2.02
Ybw-ug5ih_o,Ericcaneers,10254.0,2.48
YcSRQhNzF1s,AngryAussie,17300.0,2.03
Ye-z0WBJPHw,mojo4mojo,10133.0,2.42
YhV9by5ti5A,samtheman1999,262675.0,2.18
Yibi1P8hzJE,StolzerSkinhead,66588.0,2.53
YjGNznLt2mc,willknight,17916.0,2.5
YjeAkUKPp-w,McDonaldsSnackWrap,367386.0,2.6
YkQmy0D3fzs,turkishDragon,31725.0,2.8
YkpK-ZXEnF8,Ok1006r,14328.0,2.81
YmKj1yPE1Ho,Animenlinea,20603.0,2.79
Yo8YSPWVdXk,crazypyros,39776.0,1.93
Ypez6fUOKDA,xFactxOrxFictionx,67481.0,2.08
YrNGyRk1_fM,drummingballs,121256.0,1.6
YsA7z_1V9aM,Gomuruffy,24933.0,2.55
YsYAm-MMxMA,Rogasoukidan,79588.0,2.68
YsdY7jnJWMo,Shinoshi,50787.0,2.24
YvBs3-y14Jo,sabiebob,61767.0,2.35
YwcoQs9a2BE,daijobusan,48607.0,2.39
Ywxz8ghWnqY,BiggyGee,18757.0,2.44
Ywy5pZCqHZc,kinburger,11540.0,0.0
Z2Qlc-0gO-U,monosodiumglutimate,16302.0,2.58
Z5QEgHK46Tc,duhdork,51250.0,2.19
Z8MCe0cQtwg,to4ad,14178.0,2.92
Z9fGCV9a0jE,JordanxaxBelvin3,12201.0,2.48
Z9g4jDZZhYw,tide0890,14141.0,2.0
ZA3xdoD5sng,tgmaniac,17902.0,2.58
ZAunaBiADh0,CDNsenate19,10489.0,1.52
ZBmoKHlvvlM,greencarpet11,12265.0,0.0
ZBxJu_JvlXE,lilsethwess12,57747.0,2.91
ZCNFMtCT4x0,soytarilee,16319.0,2.33
ZDoBjRUnWS0,lainguu,13189.0,0.0
ZI3R90ZRCsw,desigurl91,38557.0,1.0
ZImRm3C7BrY,phataznboy7070,14355.0,1.62
ZIp1uNNsxVA,magicjacobo,17211.0,2.0
ZKUuLrNaK8c,seanayboy2k1,25873.0,2.58
ZNi_iAC7uW0,bryanboyfabuleux,10557.0,2.59
ZPsQrL33abw,pvckinkytvaussie,24277.0,2.94
ZQYw9y3toL0,Samdiggity3,43230.0,1.92
ZR4w9mfEogM,aDamnCProductions,12396.0,2.29
ZSg3QNGw7BA,ZEXT933,14873.0,1.83
ZTUOc-SBGkg,Blade376,16309.0,2.92
ZU3kRv-oa2A,ShirinePelyn,16554.0,2.57
ZVNAncKp0Eg,hayaled,29563.0,2.84
ZVle5YaAJ8Y,hellifikare,67667.0,2.21
ZW23tI_g1wg,pipelineprofits,75458.0,1.76
ZWOPgNU7Fcw,MrNewNuma,17824.0,2.98
ZWWy1-bFYBg,crack00r,15667.0,1.33
ZXIydCjJMT4,jamesclar,12107.0,0.0
ZXt9oYG6ojc,jponzemp,19773.0,1.58
ZZQOLc1Ry8k,PkerRunescape,15813.0,2.93
ZZrhTQ-G4gg,mx49dad,22127.0,2.33
ZaDH00_6PGM,Metallitarium,10958.0,2.67
ZbMrlNsq45M,podie,11048.0,1.53
Zb_pTQxxcgM,fujisaki11,27522.0,2.5
Zc7A5SzHORo,smokesiren,21221.0,0.0
ZcX1RXWU9x8,mikey20100,13609.0,2.12
ZcuiMTpIIw4,anwad1,153590.0,1.58
ZgP2cbsobG0,bigshrimpn,43720.0,1.93
ZgZY2iWdo_0,3101010,106931.0,1.93
Zgk0dbb46Go,eomzek,54339.0,2.13
ZjVZz_i_10A,Wheatandoats,16343.0,2.74
ZjzPCzQcs9k,JSDistin,75379.0,1.5
Zk25V9V-2kU,Annihilator95,13127.0,2.8
Zk9wOBlakJA,chestes,14846.0,2.39
ZllfQZCc2_M,lonelygirl15,394553.0,2.43
Zlu2POJkfPA,gek,17522.0,2.56
Znvbe9clra8,Slinky2049,29907.0,1.98
ZqadcA07N6k,arilittleheyne,131983.0,2.79
ZqhpDrmjCnQ,davestuffs,11120.0,2.78
Zqr1r9jIU0s,chadwardenn,28922.0,2.69
ZrK7If_Lzio,Freakyways,18576.0,2.79
ZuWJQPRyCqU,raspopitul,63138.0,2.5
Zus_LFZABBQ,Bakery6912,29741.0,0.0
ZxSV70A0Tr0,astrochump,16957.0,1.64
ZyUBwFVzkiU,kisstehstarsx,31702.0,2.17
ZyeQEcUadYQ,CilginHoroz,10564.0,2.0
ZzgJ6lLxmWA,kabilejk,27603.0,0.0
Zzoc37e3UNc,snarkout,37045.0,2.82
_-Bf7-oU8IE,RosieProbert,152002.0,2.87
_-emhzQ62rg,cpj238,26118.0,2.5
_00t_Uha5PE,d4xz,16516.0,1.86
_0Eu3HQFJmk,cucukatiti,49422.0,2.76
_2i4zPKdojs,VenetianPrincess,993455.0,2.35
_3FrOWdvsNw,PricelessExperience,585455.0,2.19
_3NhXW87pWQ,AllHipHopcom,46092.0,2.34
_4V9l4ChELo,ICABS,12164.0,2.74
_4n0U82Z_fM,trivium9104,11208.0,2.4
_5DSEPrqirE,sk84ever515,21808.0,1.97
_7FnZgUE3sM,TOMERICO1,28667.0,2.72
_97rD9G7Xno,FushigiNiMystery,14690.0,2.82
_9GQLQ_teyU,heyohhey,14569.0,1.6
_B9Act2Kt30,ternevolve,11519.0,2.06
_Bh8IePVBGk,x5452me,25552.0,1.71
_CAcfZjs1U4,bartfargo,41623.0,2.93
_DMsrevE1bc,daddytapatio,39448.0,2.71
_F_PPak6rK8,k1k1to,21788.0,2.34
_GiW2edOGQQ,JohnnySka,58286.0,2.71
_GpYaaGxlPQ,boniltinho,33865.0,2.3
_HQyD7CSCj8,InsideNine,18241.0,2.58
_HbLPmxnkek,deathangelnny,10036.0,2.86
_HqaOwmCLZI,skillzcity,16001.0,2.4
_HrgbB__z8A,fgo,22415.0,2.8
_JTR00VNRPo,juma1212,126203.0,2.18
_JofTQFyPlc,csanchez50,10865.0,2.85
_K3nDgEeyY8,tretajatiuca,47565.0,1.77
_KxEJfNdB8A,howardtuttleman,35955.0,1.63
_LDrYPEgVyA,phoenix7648,20378.0,2.4
_LLK0wz8m3A,bumsfrikadelle,16073.0,2.64
_MdRiFr0gU0,JohnnySka,55006.0,2.91
_N1-894hlYk,Psyburn,10611.0,2.96
_N3h-at_I4Y,somayareece,22372.0,2.25
_NNpHTakJUw,vid465,1197609.0,2.36
_NT5XrV8wtU,eomzek,13076.0,2.78
_NcVLJ0ZqPc,oxjohnxo,11332.0,1.61
_NkgnIikZb0,Maxim13,12483.0,2.71
_QAtpvrPxd8,jwork86,26233.0,1.36
_Qt-hVE_R9o,Ritalounet,76833.0,2.03
_R-I4UVAg58,Dthwish09,11429.0,1.0
_RH6FwW76uQ,kggorzki,51487.0,2.64
_RKPRHsgYpA,yoliman,25826.0,2.79
_TBtnMUmRY0,USCFootball93,58277.0,2.34
_U5nsqRpw8s,ogromor,19825.0,0.0
_UdADYfFw5k,poften,35453.0,1.79
_V9MH_na4To,yukiosaitoh,23387.0,2.1
_VfTllY-_bQ,mikey2653,14752.0,2.15
_W0nO-wj9xM,siuoo,10109.0,2.53
_Wi3IBsRAo8,Battlefield2Lvr,11674.0,2.12
_YZnsmYmZ0g,MichelJonasz,32437.0,0.0
_ZiQ0QqlgPM,impak,16395.0,2.27
___dXeOMr6c,Wildarms7000,29652.0,2.88
__fihAorMsg,JeremyTakody,17234.0,2.56
_aL464U-Mnk,crazyxxxskatzer,17040.0,1.75
_chfKFn3pRE,refikh,57082.0,2.51
_d_pPAyqjto,Badgirl88,11794.0,1.44
_eKb5c9kvyc,KayboSasuke,164678.0,1.83
_gHwAikfPM8,kseries,10578.0,2.44
_gcNoUnF9Lw,j6chan,19348.0,2.87
_hIDm75Q0yo,tapkid232,347248.0,1.35
_hNdqTDDk-k,TacScoot,10706.0,1.39
_hyrMdryUz8,Ekobe24,13497.0,2.8
_kulzHdbvJY,afmrecords,26331.0,0.0
_l6Q-0RZcrs,reallifefairytale,13737.0,2.37
_lW-WduSEbI,Mikes49,138290.0,1.94
_nfGB_6SsEg,guillexxxramos,25363.0,2.78
_oeDn60LhCE,PeteGallo,11493.0,2.95
_ofAk-MbaHI,bettermoviemaking,20406.0,2.95
_oz0caMfSJ4,sosodef100,11727.0,1.77
_pHMxIgEaLo,medialicious,19717.0,2.8
_pYMY6UFLPI,hornbyrailway2,10189.0,1.8
_uNfj0CD5mY,Next2345,22664.0,2.81
_vZF5ZTu2Go,ReuWil,74957.0,0.0
_wDzMvmjXwE,spybond007,12101.0,2.94
_wFKl_INPiw,bersabel,10988.0,1.38
_wGYCh7HFZ0,fatndaft,22653.0,2.2
_wsM51QGLIM,Paddystani2,10304.0,2.77
_xB86PiQBw8,ShikamaruRocks,305864.0,2.71
_xhQs2TmNcs,ajruck,55973.0,2.56
_y42M7ITInA,odysx,28082.0,2.14
_zI3LkkO0a8,halseya,11904.0,0.0
a-kNtfIUO4I,skr3dii,105570.0,2.31
a0aBM3jsqnQ,exotictrade,23207.0,2.27
a18yEoQvYBM,IANALEX1,84479.0,2.55
a2EVAK5BvXM,napoleanwoo,45391.0,1.94
a2ebPYaTBVQ,DuDs000,10240.0,2.92
a5i3GTrvbMA,ronaldylemos,36472.0,2.0
a5vhvlt5UKo,beboppno1,71790.0,1.24
a7CzHdkTUsA,adrianmarti,24712.0,2.12
a7YD-kiBkbs,MakeMyMovie13,14842.0,1.72
a7b4M6SEjGw,xKittysxGravex,12746.0,2.6
a8Bz_lnzMBQ,filfol,15504.0,2.42
a8fxqdgS6_w,tubeup2007,10817.0,2.56
a9h0qXXZe7I,elbey07,10637.0,0.0
a9oinsSiQ5I,lilshyguy604,22716.0,2.38
aAFgI99G8PQ,coke2006,29968.0,2.83
aCiYZDgZcXQ,ShYTitZbAng,18558.0,2.79
aE8OivurnBY,nestore1,18999.0,2.72
aEiBZBiWku4,lesbien,39569.0,1.57
aEoVo7zcgnE,susanu18,53367.0,1.78
aExlxx40jeI,dclvr2292,25856.0,2.22
aFB3WLs6Ll8,mustang69nm,10256.0,1.56
aFeon85cNgE,Silo87,58926.0,1.73
aH7abRrR2f4,slaptine,19388.0,1.99
aI0p5Y6sON0,DougsVids,13060.0,1.71
aKl1Mz6BHVk,NiceOneSir,274581.0,2.77
aL6pTsXn64c,mpgagler,68770.0,2.0
aLCTngz59yU,Zoso123456789,31858.0,2.63
aLTfOe2SG9Y,wowdupe,860957.0,1.88
aMSB_ptQrGw,hoobastankback2u,14173.0,2.72
aMfinZo6k1U,diamond51288,19980.0,1.62
aNYkXg6ilAk,eliteswat,10748.0,1.1
aNgKdQUptTI,cheese135,12106.0,2.9
aOgzVxHr2II,benkscheihing,10092.0,2.09
aQ4vNe12B0s,ExtremeCool,13187.0,0.0
aRboi3-75b0,timxwhite,11065.0,0.0
aSCMsRA6VaY,midhightsun,15145.0,0.0
aSz4hYDc0qM,a1wildart,21666.0,1.7
aTdTdTELZj4,md2006,25086.0,2.8
aUC7XDqYsJ4,Uematsufan,62608.0,2.37
aUYZq6tgnsE,LaserRave,48135.0,2.56
aVXGcz_Zwz4,johnlacostetriturus,194043.0,2.28
aWJuXRUO3Cw,ipodjoho,11908.0,2.0
aWcYc6Kj9Zo,frekle18,10119.0,2.79
aWlRvq-630k,anandag,118053.0,2.93
aX10JFyFpvY,rapmaroc,28195.0,2.55
aXXmQGa7MOQ,starcom,21875.0,2.81
a_SUuZLHYoM,SpaetesHolz,1340773.0,2.08
ac19oLgWpGg,Poek64,17964.0,2.33
acevDHMWffQ,Pennster111,49257.0,2.96
aco25RZqSgg,neoclassicalvirtuoso,18855.0,1.62
acvNdPdHGlg,metrikerm,19409.0,1.91
adeJcA-xkQ0,alaputacalle,40097.0,2.1
ae07sNuFHsc,tyochin,25770.0,2.75
aeMpOnY3SmE,JCool621,13344.0,2.67
aeX84QLmez4,Kofixe,12401.0,2.23
afbqh2fbTsg,MzLeftEye,11412.0,2.11
aflDckOxNUY,FEDEHOUSE,12685.0,2.62
ai0IAacTRgU,andrea25,32844.0,1.74
aiLruU270ek,JayDM87,12805.0,2.86
aiLs6cy6680,Trex1962,27565.0,2.41
aiViMMeVx4k,thisisnoone5,39149.0,2.97
alE_0CW_Ok0,wildchats,31517.0,2.52
alhzu4yL_6k,draghonz,13452.0,2.96
am3cuDRsO1M,leedist,14969.0,1.78
ame04ZpbaGs,LaurieJames,15751.0,1.88
amyrCDeJXiE,kent1135,106286.0,2.96
anL-kA45nsk,MatinJostar,14341.0,0.0
antljXg4-Xk,faithhillcma,39091.0,2.29
ao8Lr2U7mX8,hortex,39825.0,2.1
aoy8cSRgv2w,Blacktuxedo,11474.0,2.7
ar0oZ5D3BFg,theoriginalcrys,13698.0,0.0
asYdHy1gTMY,shutterfly125,18698.0,2.09
ascCCGktV_o,LittleKurlboh,54304.0,1.85
at77SvxUYcI,pleza1,10616.0,2.41
atLJ2BxGIkE,totodyal,365359.0,2.42
awScSK9v8sM,ab204026,30465.0,2.69
azf_hfLNxAo,DemonicKitty,36041.0,1.71
b-LRwUHnv40,nosc,58640.0,1.53
b2JquI6tJN8,HensiekWoWVideos,13013.0,2.2
b3EfnH-0GHw,TAX2000,15677.0,1.0
b40xl7JA3qc,popesc,17102.0,2.0
b4SS_A98sHk,n0tetoselfx0x,19972.0,2.57
b4ngS1FStdA,bootylover77,49702.0,1.23
b55pvLgpuIE,TheWebfairy,14445.0,2.8
b5zvBsG0n8c,ThisDayForward,33593.0,1.07
b683wJ4FWeg,eralcalde,12387.0,0.0
b7G00UyK-RE,salvothasock,15944.0,1.33
b9kNC0OGYR0,Friscom99,10622.0,2.38
bA3zNQKhmyU,quimbone,11469.0,2.27
bARr72NMMPY,WeHoGirls,485571.0,1.83
bBcIBmLbp1E,supakneipe,12208.0,2.28
bCpvovxv2y0,sukitori,13848.0,1.89
bFJ9YFvCwks,dayinnews,19256.0,2.69
bHhcEp6-a6E,JohnnieTV,63807.0,1.96
bHv_JvFGBlk,nikdanbro,47942.0,1.69
bJBa8fo4uag,T0n3D34f,14874.0,2.65
bK5CSaTw70o,cushlinkes,10907.0,2.73
bLT03GcTlXw,ggransden,13636.0,2.79
bMZYW-wLPnA,ssjodin11,14124.0,2.0
bNHK7N5AbiQ,narutofoxsurpen,42897.0,1.45
bNaB0UizjK0,ruggerless,20655.0,2.11
bRaOHwUGXJg,carconfessions,10815.0,2.57
bTCXy0jdnKY,CreeTar,10326.0,2.67
bUKNnYrPx7w,TheRubberRoom,19269.0,2.36
bUKlSS9TPWg,hcambrelen,14312.0,2.45
bXEFnDRnf-A,jtonyj,13642.0,2.88
bXzLcX1OJkY,nashster2004,29223.0,2.3
bYRPaop-Vxo,kosmikB,16011.0,1.76
bZIPbgdsJ-0,psycupratdi,23095.0,2.78
bZLT0IeIcTc,bbbaddicted,34752.0,2.88
bZbHHN4SEtI,WTFOMGwolfgang,19373.0,2.19
ba6zVJK2OPY,ozzybinoswald,28158.0,2.98
bbAFS97Itns,staaleb,12618.0,1.74
bcpgz1LetHg,jasongy,14719.0,2.33
bdZ-17oBiVo,rubiorpm,14415.0,2.83
beG2Ob1pv9U,abraham10,12331.0,2.4
bf5ZEMgL370,XTrM29200,16259.0,1.61
bhm8ylJu79g,eaturguncop,18504.0,2.61
bi0MkR7eoZQ,awelshboy,15945.0,2.19
bi1O-iiT7QM,VYQZ,13728.0,2.48
bkH2g6VqFkk,tanbrolo,11014.0,2.25
bkLXmxUKNyQ,ryanwilcox1992,18027.0,1.87
bkPRfCPNdns,heald111111111111111,24933.0,2.88
bkf7DpnnNck,mikehager66,21289.0,2.65
bnHS9icoUFw,ankskag,88145.0,2.54
bpRQwowYjxs,asiandumbass,61729.0,1.75
brqvnx0hdjQ,peterarian,30743.0,0.0
bsper9D0axY,dirtrider6,13737.0,1.9
btGMjDKcmV8,techvids052006,15474.0,0.0
bwQl_q6KZZY,peocon,18595.0,1.82
byjwNemKA80,lampardinho,15307.0,2.64
bzwAjQfqipk,blinkbcrbass,11569.0,2.66
c0iGDV5LtsU,riddim2k6,42256.0,1.39
c0pzQ-MltZk,markdgraham,15866.0,2.58
c4hB6wOw_5I,VargasGirlForever,314161.0,2.19
c6RM50vnZr4,cheerysakura88,30134.0,0.0
c7X6ebA_gW0,Sammet,83199.0,2.04
c8KBiym4Yd8,FutchDuck,89795.0,2.99
cBBblVREcMM,samtopp,18598.0,2.69
cBOyaZ4E8MI,Gashji,14434.0,2.36
cGa5-8LxYUc,evilhumor,13861.0,2.44
cICyWfPgTeY,jairmorfeo,53724.0,2.7
cIVZQZtd2ro,GUSGRI,16154.0,2.0
cKXjjsO8N5U,mock5120,74819.0,2.49
cLPcGu66D9I,sgduangmanee,32417.0,2.51
cLa0gNa2NOY,RaiderDK,145242.0,2.95
cLlbcw0Hn-U,ubezok,12563.0,2.5
cM8XUK_qego,immamess,10353.0,2.46
cMO-_-KNYxk,alwyndebruijn,12300.0,2.95
cN1yBHqkHp0,erikacane,82257.0,2.13
cOFrpAnStbE,jordanchasekeller,46172.0,2.34
cOzLZplydFc,Sgbox1988,141337.0,2.97
cQkOR8zCNOs,masterdebater123,68239.0,1.96
cQtQg--PB0k,hack247,63234.0,2.99
cRuMWpPX84Y,asianbumz,67168.0,2.54
cSrtwNdW0hY,adamino85,14526.0,0.0
cTzy3kQrJw4,jedifixer,14331.0,2.71
cUN3hxMsPzE,kazual,85974.0,2.97
cUUeKMMg3vg,runescapevid,35509.0,2.48
cUqSLAqG3Ko,eloooo,15942.0,2.09
cVJ93y4lhZM,jacobuku,30676.0,1.82
cVpKNIEslnY,jackbauerpowerhour,17412.0,2.97
cYMS6uedlKY,donkef,33792.0,2.0
cYyPjWcG1Js,yamataoroci2,26033.0,0.0
cZ1Rg6Wf2Og,klinlink,15645.0,2.6
c_uNX6lHqI0,neoatlex,14319.0,2.79
cb4PzZO6TPQ,teach4food,28743.0,2.86
cbIO_3KCANY,dysph,25957.0,0.0
ce5oRHChUJM,RodrigoRodrigues1988,173707.0,1.31
ceQ96cYdkXQ,CameraWhorez,11714.0,1.86
cemJPM8QWnI,ridzler,50898.0,0.0
cfYiga-KAp0,joelcomm,11313.0,1.84
cgT7jrXFQp0,alice03,10853.0,2.92
cgtkDrecbeQ,Rakigako2,11013.0,1.89
chHqT0Q-r9g,hockeyfightsdotcom,23554.0,2.77
chR9j2Tsxcw,Flirtychic1989,11023.0,2.0
ciQeVgGEm3Q,mystring,31566.0,2.75
cj1fNqIU7CA,ApologizeJohnKerry,15758.0,1.94
cjO-pCdVD5Q,jplee3,29368.0,2.82
ck39GSeEXD0,xcalibur3,12574.0,1.0
ckJzGcKMfto,castanosvids,37653.0,1.5
clRSNS8Qy4o,rexboyd,12396.0,2.49
cn3vD56nNnY,fantasyconstructor,11503.0,1.88
co9qBme4Dgk,RandiandJen,2427970.0,2.41
cq5hvDFOsm8,nofacetou,16174.0,1.71
crfVZj4ZI8M,RevolutionXG,11805.0,0.0
crqUkBSIRLo,xnomax,67555.0,2.17
cvZO4hHbW4s,ptifou13,18904.0,1.83
cvec8Jvxq34,ed11576,13873.0,0.0
cwSDSNYkk58,teonabalada,29606.0,1.88
cx2JkNDTFvE,serb999,24572.0,2.3
cxCdj1wz-lo,kurdos4life,23405.0,2.87
cyiWO4tIoAY,m20p6,11666.0,1.76
czlX97lqD_U,Holdingplayer,11992.0,2.15
d0X6H_31tgc,VGed66,10653.0,2.0
d0yoMrbugI8,AngieZTA,12866.0,2.08
d1QptUB4QO8,blackstudios,12558.0,1.82
d1SErb21meI,sokalek,25880.0,2.4
d1z8yGrEMEs,MiksterBennoda,35457.0,2.74
d7kR7ohFRPg,smoke489,66208.0,2.21
d8JF4RQbUok,betofede,41526.0,1.49
d8eV6OuC8Oo,agencydotcom,133022.0,2.39
d94409bxMx4,zade11,16072.0,1.58
dAQKoeMMx3A,jnizzle,14315.0,2.56
dAgUvJWijag,whitehousedotorg,27833.0,2.62
dAmLL9f153g,tarareidsings,210632.0,1.67
dB4V3PoPmoY,bicycle2ch,10041.0,1.93
dC8zFlQJ69k,robarakira,13803.0,2.0
dC_KaWZtNgo,Ascend1,15355.0,0.0
dFKdUVsjUqY,neonline69,21017.0,2.67
dFy5H3BpP3A,urmomsapartier,15302.0,2.67
dGAfB01BpI0,mytinen,27482.0,2.76
dGOTyLll7yo,wiz241,63974.0,1.92
dGV8SPxypzM,iamaninjaturtle,12397.0,2.71
dIJgqxg1qQo,KingPorno1986,293636.0,2.34
dIhVZwAz8IQ,studios92,30519.0,1.7
dIz_bUPqbx0,adultswimdotcom,96219.0,2.93
dJWS2b0CVE4,TwistedTechTV,590688.0,2.8
dJdqp0hrmco,flyhighonsk,19051.0,2.86
dKmuGyuVWVY,kristina1189,19519.0,2.33
dKp_qF0Gz4U,JLizard,13731.0,2.19
dLScyJTzIQY,imamazing,86641.0,2.31
dLqaJwDhUQE,sharkz,22520.0,2.53
dMGPuTzscwY,einfachtoll,11752.0,2.1
dNBZC1Ccklo,hybridcyborg,23794.0,0.0
dNHj0hypAK0,cdn93,14798.0,2.84
dNixB1bzEUE,freak6like6me,10674.0,1.44
dOyvU8IfuM0,mrerror,67984.0,2.53
dPAuZyR4LdE,musiqluver20,10947.0,2.47
dPsQuK4jWYo,xjessika,11039.0,2.0
dQZuB1kQABI,bdogg36577,11145.0,2.67
dSNoTUsKjUU,skori,11982.0,2.19
dShnyG3v838,puripuccho,20485.0,2.67
dT7hZDPP7V4,bamtomo,12899.0,2.83
dT7pUyAOAN4,gordoforro,24598.0,2.48
dTJwsdCasYw,rap2rap,19698.0,2.61
dUVRBJRItDE,kearlstig1961,10565.0,2.48
dVDugegRGW0,cubelog,26307.0,2.33
dVw3wLis7Y8,travis357,104063.0,2.21
dWyvJGY1BHk,cheerysakura88,51272.0,0.0
dXHMxUyZ3lw,sikamaru2007,28397.0,2.78
dXV_2IiJC8Q,uslanmaz1991,12626.0,2.92
dYjZI2z0upk,Furches,11094.0,2.87
dZZI9wxQaqk,shaneman1992,32304.0,2.32
dZcN_x7rf50,Bozkurt53cenk,18243.0,1.93
d_SEauFHwSg,eagt7,49678.0,1.76
daJoJ8b5XwQ,CBS,62108.0,1.73
db-kF-uDtk8,lomoco17,17771.0,2.29
dbdpEA3hFmc,jayjhani,14868.0,2.68
dcbBA9GTzIM,dixrbd,96088.0,2.02
dctnRY2nxYY,Lauren6790f,14404.0,2.64
degOQ7VYU6o,theUrocks,16627.0,2.67
derMv_xgXZs,Maghboule,11130.0,1.73
df01-1tAjKk,littlevish,94669.0,1.47
dfM5aZFBP-U,mimi4208,14466.0,1.67
dfaOOym4lNk,skyty84195,51604.0,2.52
dfsu9RgyQ3Y,toborthegreat420,10124.0,2.8
diXdxBbMWRk,tostoo,44949.0,1.93
djuSRusWmKs,CBS,65779.0,1.8
djvv6FmHSY0,southwestsurfer,12553.0,1.7
dmVuQ8R97gA,dearcrissy,10261.0,2.62
dmkJtrB-iZY,nangostino,13935.0,2.55
dmwMoBLtB4Y,ladySherri,34149.0,2.17
dnc6YXSIeU0,slurm420,13177.0,2.42
dnr67Giq-LE,itsnobody,114149.0,2.11
doCj-M6jp3s,korenikime,32837.0,1.61
doHbKVb8ErY,anythingauto,15375.0,2.67
doMxARZBa0s,LuvAussieWomen,32979.0,1.41
dqS3Zfs9wpI,vh1staff,205269.0,2.52
dsHbt-vhS6E,MosesHall84,112312.0,2.59
duiamlKanYY,ryanwilcox1992,11388.0,1.62
dumYMPQpPcU,AlfonsW,61401.0,2.89
dw0NyWULjk8,rickyste,51471.0,0.0
dw6q8ZuOy6U,nudehippo,573091.0,2.48
dwltzgkEjro,celinechanneldotcom,21493.0,2.57
dwoXGtd19Wg,fitzbone,23096.0,2.03
dxcnKsD1Llo,promqueentv,36128.0,2.37
dxsYi_k8PvE,KAYLAQTFACE,17035.0,2.7
dxuiyVOoe1w,Amandainoz,29276.0,2.75
dyjmj3FLaZc,wallyworld,37759.0,1.83
dzg1MAL_pRs,edillaati,19169.0,2.25
e-0UiAenNR4,cheerysakura88,47225.0,0.0
e-POad3T7Sc,marzjose,17422.0,1.26
e-mW-BdXrtQ,ozz123,33071.0,2.28
e0UEHnFLVXA,rockmysox21,38284.0,1.6
e1Tq_Ra0KzQ,arzatoth,63325.0,2.49
e26MBnnQEIE,KermodeBear,21015.0,0.0
e647x8xFKTs,hoorayforamerica,251362.0,1.99
e673bAon0LE,google23,11091.0,2.5
e6HKXrGWisU,SMatthias,12413.0,0.0
e6ljPPTcZXo,Piety,17271.0,1.62
e7Gx0Kjojlc,gizmodo,47035.0,2.62
e7IrnewJ51k,natibridge,10413.0,2.62
e7TdOKF95_o,dreckskinder,299594.0,2.16
e7dRbnzPjJM,IronHammer,14077.0,1.0
e7hPKOpZwCo,drcode,25999.0,2.92
e8ABS5LsHnM,mihals,25019.0,2.0
e9p8rFkvUJM,joeprimmer,11734.0,2.76
eB93G4OTim4,mulekegems,16843.0,0.0
eC20EpF1b0w,dgloekler33,24663.0,1.46
eC4nsbnsTyQ,Amenophis,21318.0,2.0
eDqn5DK_ac0,unrealnighthawk,90020.0,1.75
eEPMInczWvc,DannyEdwards,13612.0,1.57
eEg7q2lk3QM,kzymeth,13204.0,0.0
eHR8ayTINlY,Sk8Naked,47888.0,1.59
eHXd5gxSwyM,vincentngo135797531,13218.0,1.46
eKneOWfOaKs,TheBadGirlsClub,35982.0,2.7
eLjNl4Vq_LA,take9696,20028.0,2.6
eM48FZWo1vA,jugheadbtls,11026.0,2.44
eOpADHOTna8,ytvideos2,299055.0,0.0
ePA05BCVIDs,hockey535,18566.0,1.28
eQ0R0YXj9qI,ieatgoodpiza,35759.0,1.5
eRVfMshSyFg,mazrman,17951.0,2.12
eS-dgLikEFg,SexylilOsh,13089.0,1.25
eSlskthzZds,SexyBannanaFone,41532.0,1.92
eT4VPlOPdlc,kanes75,10150.0,2.33
eUvbfxSkYJk,puffatio,12240.0,2.55
eV4XiEX9EuY,bustamuv88,37367.0,2.38
eWdkQp5RRKQ,music8,21075.0,0.0
eX1lBOxoJeU,lkr9889,123102.0,2.2
eYtHCYTjw-w,gabox2,30649.0,2.6
eZqceKcL_Zk,heavyboys,19180.0,2.16
e_AiALebAS0,GBienvu,13279.0,2.82
e_C-xXZN8DA,safaktex,88361.0,2.12
e_b4XD0DIVU,Ikeyc,18099.0,2.77
eahDbc_wnnw,Emopeterpan,279473.0,2.25
ebAma6KQnUU,MomoDelicious,22031.0,2.45
ecxmQ7LDnMk,jbi56,14607.0,2.6
edIIw7g92MY,cswain513,10120.0,2.92
eddgbZ7FrV4,rioazuki,150211.0,1.9
eepddsR-PvY,marcou78,12219.0,2.64
egqcC-XsKQs,15framespersecond,11798.0,2.29
ehTPVxkELZ4,Kevoon,22485.0,2.57
ek5u9Jqf5B0,WOHHOnline,18907.0,2.27
ekHu2_2M4Fo,hnbbs,10194.0,2.52
ekQzYllpTwE,mixme1,15094.0,2.73
ekkAGAnlgIU,snowboard04,229767.0,2.81
emgFfWGUufg,tricks4u,10644.0,1.7
enPgMzeicGY,MagicSchool,68149.0,0.0
enr2ccUnE58,something1234,26860.0,2.39
eo_nZ_L4aqE,jdjanie,75543.0,2.11
epCl5ktn2-I,and101010,12528.0,2.95
epl5XuGgyVs,nogoodtv,107949.0,2.44
eq_r64f9CfQ,gotxi2,17419.0,1.75
es0pDtH151U,amacgenius,14613.0,1.94
euGyqcnL3dA,benkscheihing,16290.0,1.88
euLTq1RBa5w,andbernio,10815.0,2.13
eubj8C2XwV0,slumpslump,49690.0,2.58
ewYm7cmyxS8,shdwolf271,10551.0,2.86
exJf6ApI1fs,5mal5,10873.0,2.85
exabB933Flk,mujras,16974.0,2.5
ezcjgUCa1Iw,spuik,23176.0,2.3
f0ftew-4SZQ,thejiddelybid,19017.0,1.57
f1XL4Ivp1JA,ririssukuran,18295.0,2.2
f1rcinKcWL4,prideufc,30803.0,2.17
f2C6ExCkQOE,PenelopeTheDress,22326.0,2.74
f2nVofCqxaM,mathiesonross,10373.0,2.05
f2o7hDa0yAM,Puffdaddy1001,11343.0,2.73
f4GNJueSAmQ,disgurlblonely,10660.0,2.67
f5prUI1f9FQ,crazyhande,44038.0,2.82
f5vHVcA95ps,piffi123,11211.0,2.91
f6FJN9RoCis,shine0603,15890.0,2.64
f98md8pcVDU,Mrextraordinaire1,12175.0,2.69
fALAusNx3XM,frabensulv1,11306.0,2.78
fCPFqxT9M-U,therealMuddyZombie,23416.0,2.54
fExc7UUI1aE,cyberbri,12760.0,2.57
fF_BVJj8W5s,fanzeee,10643.0,2.42
fG0qjbQzktM,FatMattFilms,16584.0,2.02
fGywgVgeXes,ElectricSkillet2u,25047.0,2.26
fHc9-GLnBgA,ilovemysax,53035.0,0.0
fHwLARi0wFc,Hilyin,16048.0,2.16
fIbVhzMZQbg,xxbang,11117.0,2.85
fJ_7k-UhUQk,splizz,64606.0,2.17
fKMn--FEFD4,Tombstone11,11275.0,1.62
fKNVty_R-sM,MeeMz705,12106.0,2.82
fNETxVu2wGU,tcrawley,37043.0,2.44
fNrTOuN4GSk,numanumafreak45,10817.0,1.9
fO6NiJk5_UQ,fansitejunkie,16255.0,0.0
fO8b4tcODm8,NecroPhoenix,23642.0,2.73
fOWQ-yfSmeA,robertlee89,10305.0,1.86
fOpAm9bcHO8,TheAlienMan,58487.0,2.07
fOy3bBS-j0M,fredossauro,19491.0,2.76
fPHnXrU5JzU,benjdm,85660.0,2.3
fPRLdEWKXN8,hyperfilmes,15997.0,2.47
fRvhOmQaXFY,marcelofrazotto,88278.0,1.92
fT6-XeOIEPY,oliverpop,42304.0,2.8
fU4EXmmQxhM,dawnapbt,10425.0,2.0
fV3W8K-3xDQ,elite777,25036.0,2.7
fVEbhoSXOPI,Nalora,12234.0,1.59
fVQwVqMxtnk,Carombillard,37301.0,2.71
fXk0QnCtetg,jamesrstewartaz,11438.0,0.0
fY8e6ep542Q,Camelbruce,10019.0,1.67
fYbJcND77_0,trever14,41990.0,2.9
fYy1eD052As,Diogogogo,626472.0,2.4
f_BPqc36UTo,dfabuk,104208.0,2.46
f_Ph9DFXE0k,detroit761,35409.0,2.0
f_gKnByOOvM,nakedmagicians,16325.0,2.7
f_qGucVNS8w,Perezo,23918.0,2.36
faW8pxEPVto,cores303,10005.0,2.83
fanphm34_W8,linknin01,10332.0,2.58
faulYbfy39g,abstractnonsense,55545.0,2.3
fcLBONp5AFo,davidd230668,13006.0,2.87
fdUcvy9819g,xymox1971,11076.0,1.57
fe0BJmgKAEQ,porkyshere,34340.0,2.33
fejeQpYgYRA,singermorning,48795.0,0.0
fg4XZQFcHN8,BurkaMadness,37567.0,2.09
fgnLy9YULko,badguyhead,12380.0,2.13
fhYqjIZ_kb4,tilerea,36108.0,2.76
fihZlSQbMPs,sushiboots,28624.0,2.22
fkB8CKyiNeg,mkhitar741,27968.0,2.17
fkKeCr4EYGI,liddymouse,11331.0,2.91
fmjgrZUTvvk,PatrishaM,80766.0,1.71
fn45TcpPixk,Haterp,20797.0,2.26
fnAaDEFk7Uk,MyLeftNutmegger,25197.0,1.59
fp5Va5fndt4,jtaus,240270.0,2.46
fpUDTXehDlk,Azngotrice08,12547.0,1.56
fqkmaa7-Si4,seti1320,10910.0,2.73
frFXQlvrBgg,ephesians511,11000.0,0.0
frw2aEwbRk4,paulbag,10150.0,2.5
fsmumR2hKho,vincebrockvlog,36743.0,1.49
fsrqGUe3z-c,kredenc,14420.0,2.95
ftilrKScDFs,kurds869,16960.0,2.25
fuEUPP5q6Dk,hqen2000,11061.0,2.57
fw3jsy3anxQ,Lis9285,11364.0,1.92
fwQgx836oMs,CBS,134867.0,2.8
fx7F6-7xzgI,ac1dchr15t,12845.0,2.54
fxvQ4UgjoQo,KnightRider2065,17449.0,2.75
fyC0dMoBDEs,karlitog,17813.0,2.0
fyatIukPXp0,luckystarpuppies,20750.0,0.0
fyqdPzhdl58,TRANPRODUCTION,21146.0,1.69
fzHN73nQAzk,dougzilla,16062.0,2.06
g0HQfZkvBrU,betaobatera123,14611.0,2.8
g0RI7MEzMGA,shangha0003,10949.0,1.0
g19ufice33c,watsurnameagain,395233.0,1.85
g1QY87BHjTQ,chapmansucks,10815.0,2.65
g24uuODtTJg,Joydern,29618.0,1.42
g2Z1hr2Xg14,johann12,49773.0,2.64
g3AXK_ghelg,OctoberRoad,359515.0,2.64
g3zv0o53MEk,yaypopsugar,33994.0,2.94
g4XNTt2X9fY,captainkok,440623.0,2.3
g71r2pq-pfc,patypegorin,14639.0,2.2
g8wMFDrFm88,gizmodo,12903.0,1.87
g9N791k0UVQ,ParanormalTruthSquad,24167.0,2.58
g9RhrYz2uJw,lukester720,14381.0,2.33
gBJMgmrZ1HQ,SchumiSaloZanardi,21956.0,2.79
gCVjGhTRam8,ridzler,22576.0,0.0
gDJNDBHAQm8,lonelygirl15,346619.0,2.9
gEBRP7cYmUQ,thewisestfool,168557.0,2.56
gEoWs4TxdaU,johnwilmer,14602.0,2.5
gFh6cWI3bKU,Exxon,10878.0,1.54
gGEFrL0-G1E,RUBBERGASH,1372710.0,1.56
gHZLhGRC670,jellyslapper,30369.0,2.1
gI8QeVrXkwU,BunnieLebowski,10296.0,2.15
gI_gxhKIohY,libertaddigitaltv,21533.0,0.0
gKMRkV7SHU0,kasifi,10461.0,2.36
gKh7i0Qiylw,youprez,139662.0,2.55
gLJpmwkFomc,EyelessWarPig,10577.0,2.15
gLZiCc6p8qE,nfs8skater,16699.0,2.96
gLlq4vuEbso,fero5557,12248.0,1.8
gMhk6aaOBYo,Dwyn2435,12703.0,2.57
gPAk_atATg0,xenoglossophobia,19109.0,2.75
gPlVmXIhTKc,gate123456789p,11667.0,2.78
gQTrPA8yDZ0,antyfankablog27,18921.0,2.94
gQxI7xwBlNU,ChameleonKitty,37961.0,2.79
gRGoHy8vgrE,spikekid50,12296.0,2.17
gRLmnXDF3Ro,Byron718,18484.0,2.12
gROumeAtpeQ,callumv,28092.0,2.73
gV0asdKAUzQ,rudebox74,23039.0,2.51
gVGZwAz5u_Q,R0ckinRi0,93669.0,2.81
gWeV8ZR3wUg,brad13x,14690.0,2.3
gXvgw6C9pcE,msfloydmayweather,98405.0,2.94
gZFKLATIDMU,swedeno,102544.0,2.79
gZPkR1_Q8mg,bolaray,59680.0,2.16
gaTrxaLp8uE,vixelpixel,28237.0,2.89
gcgm0pKojow,StilleQuelle1969,69646.0,2.06
gdJ-ZJoI3F8,pitbulldf,31316.0,2.9
gdliDelFnPY,lukin56,22274.0,2.43
gdxSpIMhOpE,somayareece,14582.0,2.12
ge-P4UROMYY,ucla1082,35931.0,2.41
gebwae9CON4,eddragonfly,15463.0,2.65
gfOdGkT785g,jeremydoc69,46383.0,1.11
gfpfDLTIAA0,shabadelphia,29148.0,2.2
ggadnuxdnUM,hoticed007,25767.0,1.8
ghNcpvqmskY,DrumTVShow,45628.0,2.51
ghYcDrJFau4,sombra2,12910.0,2.06
ghnXJTGF6rU,linapoo,15532.0,1.36
ghzccuYSUW8,SLDSLD,11330.0,0.0
gjPbtOAnJ2c,gonetobabylon,59481.0,2.52
gksmGtYgww0,floga,28184.0,2.57
gmEPQeqyV38,McPhil,17750.0,2.95
gmo1ef7tVso,Hak5Darren,593360.0,2.33
gn9ueEa2cGM,bumpkey,90681.0,2.5
gnGxqA654uU,JSP010,15669.0,1.8
gnN4PNMmnq8,gigo24gio24,11756.0,1.9
gpVnPeypkQU,christ1122,13392.0,2.44
gpjX7etO45c,trens,16620.0,2.25
grXYi1YK6mc,americantvd,12536.0,2.67
gs1pUPMt7QA,buzzteexp,10933.0,1.57
gsipvC6933A,apocolypsa,11143.0,1.55
gtFoeFuhBdY,SupaDupaFlyBoy,17146.0,0.0
gw-VuGIpzqU,FantasticHarry,118100.0,2.36
gxLEK64MAU8,flydaz101,11444.0,2.09
gxvctgZY50w,PwNz00rz,12827.0,2.23
gymdqgu96h4,bikerboy939393,78589.0,1.89
gyxkSschC0Q,GregSolomin,214651.0,2.98
gzVV9yumQAQ,dzgns,21847.0,1.0
h-a1I3BjHIU,americablah,40094.0,0.0
h2SUSQ-homw,halo2chic,11198.0,1.69
h3Z-9b1i-G0,tunner,38783.0,2.56
h3aaRrEIp-0,seanmccarthy07,15917.0,2.82
h4obXlKSi9w,spinacz,33750.0,2.95
h5XMAa7vOlk,theleadingplayer,124515.0,2.66
h6I0gf8DH1Q,potato794,23703.0,2.92
h6yBEAbaaOY,djmerlin26,29736.0,2.16
h7ZGCq1q0LU,thunderrider23,10221.0,2.77
hAUMm95kmqU,lucidious86,36221.0,1.95
hCF8Tt6z7kM,Indiechik,58288.0,0.0
hFku504TSzA,oreo51oreo,10420.0,2.16
hIYHX4SRk74,JohnShocked,40734.0,2.37
hIl3nGyeGx0,SkaStagea,13277.0,0.0
hJklgDtSwbE,0nIC,10403.0,2.62
hKB1u3swy44,PossessedMonkies,10502.0,2.42
hKmZTdJF1so,MrDestructoid,13640.0,2.21
hMHvkfq8T48,keemex,57022.0,1.72
hMTH3goVYVM,atguitarist5,11871.0,1.97
hNS59ltkMj8,MactownGeorgiaBoi,11597.0,1.8
hOGQ2Oy0Jgo,WeHoGirls,12812.0,2.97
hOypGcpGxes,vento182,26320.0,1.95
hPuB1rskAEI,starrsy231890,10383.0,1.96
hQIaAqWpyh8,SondraPrill,40479.0,2.07
hQTpDS67DHY,raqueiroz123,24102.0,1.9
hR-LIGgdWho,butterflykiss118,54346.0,2.75
hRH37AOGKkA,CrazyKid,12475.0,1.81
hROSo4J4RtY,ludaza,125415.0,1.58
hVqc0XK97w8,ScottieJ,59999.0,2.77
hXXSkI1D2Bc,alvaromelo,10537.0,2.14
hXY6kCyGT1s,reeallytease,14321.0,0.0
hZGkxBTAWWM,squkyshoes,39526.0,0.0
h_7ZH8Dy6XI,jeronomosky,17152.0,0.0
ha1uxuvPhMo,ferkauffman,14617.0,2.64
haA0a6uSkW8,caeserpink,15557.0,2.44
hb2OYLr8KkU,cafecompao91,12554.0,1.56
hcWo-7wGt5s,jerrybrown06,15549.0,2.19
hd-rYRYaOhQ,thedishmusic,28687.0,0.0
hf0GGpcrItY,wrestleheatradio,19806.0,2.55
hfPEHsmsA08,aggrolu,17082.0,1.57
hfu0snXEt1c,carlosjec,11265.0,2.71
hgerpRC5gtk,GrandMaloerLiebhaber,12355.0,1.64
hjNKZU0g_lU,kadutti,211972.0,2.02
hlEGuFrJ6so,frankgman2222,31338.0,0.0
hlT9LG3N9GQ,FinnWest,15789.0,2.97
hnJeC9smE28,atticguy,65426.0,2.55
hoK-4dOkaU8,Goshi4,15883.0,2.64
hpoYjvDPbQA,orange0137,13975.0,0.0
hs2LVKHBu1E,loquenoesperabas,12493.0,2.83
hsiTZt6ink8,Grammyhammy,42665.0,2.36
ht9aOm7GL_k,importspd,24677.0,2.47
hvgU6_E-NsM,khriskhaos2,35607.0,0.0
hwFxoqHXTyg,PRICKIMAGE,74020.0,1.87
hwL6QuO7djk,taxpaya,37375.0,1.91
hwU4CcXRtm0,oxbloodoi,23645.0,2.4
hypJuDQxbeY,bootkameda,17390.0,2.72
hzIXNDhvQuw,illrandomocity,16733.0,2.32
hzqDEIPrj_Q,emwcee,13997.0,2.93
i-CHOLW70QQ,preppyPNK101,28947.0,1.12
i0U-bLVTtPE,FOXNewsBlast,14342.0,2.9
i1AT-9VmR7w,hillerd86,40461.0,1.69
i3QuN986nq4,jrb21five,21676.0,2.7
i4mDtR4rPJ0,MyMusic86198,16426.0,0.0
i661JvYioPw,ToyaManta,12192.0,2.6
i6LSinXCaWw,UnrippedSmiles,21014.0,2.65
i7d2HA7QJ3Y,alexandrejorgesantos,11508.0,0.0
i8bK4nunqK8,cheerysakura88,37162.0,0.0
i913wX7Vecs,apoessy,25592.0,2.73
iAoD0jylx2I,mike1978M,10042.0,2.71
iCKdCiqicxY,Piety,23355.0,2.05
iD1CptS_R8c,enjoibaker12,19824.0,1.77
iE8bY29zKfE,FecesEater,11281.0,2.83
iELYycI0JAM,ricky36805,12174.0,1.58
iFw0zujEQY4,MecDePaname,17315.0,2.67
iG-lqETCNzE,leighharrison,14497.0,2.1
iHQXNKus03Q,yiannisoeo,38409.0,2.73
iIrmguc3M3Y,LittIeKuribow,25734.0,1.81
iKcZwaDQIo4,hellblazer116,11469.0,2.35
iNliUVcTOYQ,deaconproject,10019.0,1.71
iOA4GTR8wHU,den222,21393.0,2.86
iOAauoGAcFY,kwitter04,15686.0,1.74
iONZCsG1GHU,thekoshanostra,29029.0,1.67
iQk1RwZqhhc,axde34,15784.0,2.7
iR7-2Sq-Kps,elvishgirl21,10934.0,1.8
iRJIrhOPLMk,usevideodotcomdotau,79009.0,1.58
iSJ9nl9bckY,boomer8484,21276.0,2.2
iTo55FQHgkY,caseybecker7,44335.0,1.15
iUuf5ypYQ9w,yigitguducu,17749.0,1.88
iW9JkarNWDY,vicioussid,10906.0,2.7
iWkoxOSZew0,jimmythehyena,12739.0,2.12
iX5jobisPTI,lovelywoman789,16239.0,2.0
iYHgdwnwDyg,PowerBreitt3,39014.0,2.91
iYqE76uclhI,seansvideos,11651.0,1.63
iZHN8qVpXls,angrykidofny,20239.0,2.77
ibjtKLj4hoo,kapers7723,10167.0,2.2
idtGbUwb2zU,dbvince,14780.0,2.7
ieYkJrBJlvE,tiyin,110196.0,2.84
iepUULH7khA,AerosmithTour2005,12599.0,0.0
if1aAJTzMHg,irishterrier,10891.0,2.8
igCOhqXPyzY,dauboi,10719.0,1.43
igJxkSAjVik,hateparade,19329.0,2.2
igSFdRYrS8k,emily4him,14210.0,1.44
ih9OY_N7DzE,seemorebutts536,17677.0,1.75
ihZE8Yqok2Q,Paquettes,10020.0,2.6
ihr-okpJlyE,runescapevid,20941.0,2.48
iiuIW74diow,BigHEthiopia,10327.0,1.38
ikiuJXyvAo0,cubuklusu,22794.0,2.64
imA8hmGyjeY,HyeSungsWife,72583.0,1.82
imlEb3xn7Hk,HighDude23,20850.0,2.47
iplYJysoXdw,computerbob,314295.0,2.81
ipmxxPDOWs8,amdizzlePROductions,13979.0,2.33
iqBQyRTyV0s,azh01e,25024.0,2.65
irylEFW6KLs,gizmodo,124523.0,2.98
isA-L_ZcPn0,YakiManko,141794.0,0.0
itc-6nM4UzQ,Parkbankphilosoph,37221.0,1.39
ituZVp94SmQ,marcomm,11606.0,2.12
iuqGXiAKRi0,juniorortega,24119.0,2.81
iwbLOWlIy_s,tsialas,21221.0,2.21
iyamDCdDdqg,skibunny03,12022.0,2.49
izWUckeH5JQ,JoeBobOneHalf,11048.0,2.32
j0dLpb_BfMU,crazyfootie,162304.0,1.92
j0vixo7wL0I,claubersk8,37456.0,1.94
j0wsBGWOE_w,Cameron1177,10176.0,2.22
j1rbyLFvNRw,starstar42,11312.0,1.46
j2tcT3IVkCg,naeemahgrrl,13481.0,2.26
j4IJYqVoozM,liuywei,37036.0,2.38
j5OXNosrU34,FlashtheDolphin,39798.0,1.62
j5grA4MzPj0,mariesegoleneroyal,11755.0,2.07
j6YPxQkVj4k,GamesPeru,19512.0,2.95
j6vB0okrxYU,jeffreymp10,15513.0,2.63
j8iCmZ0oEzA,DanseRooski,11339.0,1.87
jAJr0f6eOos,beat5beat,23286.0,1.63
jB1O5QfVJ0s,Chedigitz,24963.0,2.84
jBfz3AZa3tU,yonnni,16158.0,2.83
jD7mQvEDIJs,yanir98,24168.0,1.62
jDVoSrrqMdM,leocdc,20749.0,1.53
jDZ8elCdAuY,bbhcrew10,16203.0,2.42
jERCByRtAUQ,lonelygirl15,183473.0,2.58
jE_DbI9s8KA,jamesmdw,18604.0,0.0
jFTAFwmDiQs,bobandbobsmith,18431.0,1.6
jGfoYnhnTYk,hammerknight,11178.0,2.78
jIp7XiHpgvA,Podcasting101,10587.0,1.41
jJ-KMpP2j5g,srijitvenkat,27061.0,2.49
jJRMWeRkPvk,calimg1girl,24803.0,0.0
jK6V5GZDOe4,miken5492,10782.0,1.85
jLOdVGmLrqA,beat69,31987.0,2.48
jLSBQ1KIGWM,cameronknowlton,15283.0,2.64
jLi1al9SZDI,swawandoo,21933.0,2.08
jO9U1cIZM84,chrisbornag,11473.0,0.0
jOsoLRYsw78,NocheDeSexoNoche,384231.0,2.04
jPYaCgO-1jg,lucizorro,35273.0,2.91
jQBykBVwFq4,omega322,14344.0,2.44
jSGQQBcCyUU,dmartino74,36150.0,1.37
jS_qf1u6JZc,phylee,11019.0,1.94
jTSItrLhVbo,matx1976,13613.0,0.0
jURksgAkr-U,Pinkoenterprise,12247.0,2.0
jUkoiBR0Lkk,jefffarver,19864.0,1.83
jVRVxW_OrRo,eltavogus,44089.0,2.29
jVqC4VUvtac,Lindsay7321,15363.0,2.49
jW8SoiVsBTI,CardShark88,16626.0,0.0
jWxrsOhzH1A,sylar25,55629.0,2.94
jX6A-X6MQD0,FernandoMaud,37826.0,1.83
jXe8pyY9G80,bowiechick,1876840.0,2.37
jY5bVRkGyp4,DaliDog,140970.0,2.66
jYMiRpggXAM,dietnesstea,12445.0,2.64
jYYTPKnL2IU,gilbertgotaroot,51398.0,2.2
j_DkzhonpGY,s0mepers0n,17111.0,2.92
j_eW7mbZ5O0,hatebush123,11379.0,2.0
j_tMFUqowRQ,Papainoel2005,14250.0,2.48
jbsg9pqkm00,danteskie,19283.0,1.39
jd0j8dIeqn0,ufochronicles,19094.0,0.0
jeUAmeXo8RE,RedeemerProductions,12928.0,2.52
jfcrt8Uzhb0,mynameisZahin,29804.0,2.09
jgh7sFZ_5YU,tigerstyle25,33856.0,2.73
jgqQRyyBwJo,zecariocarrn,12102.0,2.89
jlx1FFkq5k4,jaymanwashere,19725.0,0.0
jnGYOjk_eZk,imansutiki,63415.0,2.55
jow5W1toNbA,smenogue,13724.0,2.9
jqyVNBDBTcc,harderrj,10637.0,2.68
jr36_p4-bMs,SammyV987,12031.0,2.47
jrSCYSFOH-I,jamaicanflavanews,41093.0,2.23
jsAzJVhj9QM,mdennisaka,14844.0,1.79
jtFXjJQCOAM,spokenlife,70328.0,1.86
juC7FQUV6pY,TamPilot,12618.0,0.0
juS4uBRV0rc,DamonShores,46869.0,2.56
jwGol5D9Csg,lpxxfaintxx,28872.0,2.85
jwTaWzrWAYM,Danielbeast,134352.0,2.82
jwWv2IHywDQ,tifdun1,78410.0,2.58
jwuvC0uyRLM,theXdorks,19335.0,2.82
jxG64hJeKsA,conservativehaven,10225.0,2.3
jxQdywdsn0I,tabmule,17720.0,2.32
jxXKg8uEBm8,musicnotes,19058.0,2.87
jyt5PA4v0wc,MissTilaTequila,539925.0,2.11
jz-Og9H2Vks,freshcreation,30930.0,2.19
k-J9M0b-3_A,Bleehah,10193.0,2.24
k1hLGE0baCY,runeyou,47950.0,2.69
k25YHfv_k1M,jimmyzy,18418.0,2.75
k2UHllWuQVo,pixiekorigal,11779.0,2.01
k3W2uIYUTuI,dodonpa69,43359.0,2.26
k41Zx8gynbE,hocman2004,13499.0,2.78
k42iOm97SWk,gabrielcrimson,271479.0,1.82
k4p4t0QWGo8,MarkusReimann,10276.0,0.0
k586NXEKeHI,motomoto1,19998.0,2.73
k5Cs3c9LvoI,toripraver,118136.0,2.73
k5NM2JVaLEQ,CrakHozeFoLife,52502.0,1.31
k62nI1gJQSA,ClestElnith,10523.0,2.62
k95-kLwmbJU,dancedivasnyc,209653.0,2.58
k9EVFGI5tK0,dude6900,11767.0,2.2
k9O1eNwAOEA,6Baltej6,18804.0,1.69
k9pPLE4JU8E,artinsarkisyan,50597.0,2.5
kAxMMhEW8nY,Qlfon,22315.0,2.85
kBrHv794RYQ,PeterGreen125,31099.0,2.68
kInXcYjUZPQ,lilfag13,32751.0,1.23
kLoJdUqEf1c,scp123,49225.0,2.55
kM4EOP-xGRc,Whitetrashdoctor,131285.0,2.49
kPg39a4yweM,vnmispoisn,50336.0,0.0
kS-igNTy26w,sonomamario,13139.0,0.0
kSKlmhymihk,cinemafreaks,957465.0,2.82
kSZOBQG1t8w,naruhinaloverman,20468.0,2.5
kSq9iwclj6I,kidmercury,12239.0,2.95
kT8OEdJ7whM,bo89,15196.0,2.63
kUGHwstFqQI,Wick2K2,37200.0,2.71
kV_s1Hn8NNY,rizzaportada,14240.0,2.1
kVoAWXrb37o,mozer2007,14077.0,2.2
kWOoYJ42F6Y,Puckswack,18865.0,1.55
kWiTE-ZwefI,ilike2burnthing,13713.0,2.44
kY_cDpENQLE,cseydel,956665.0,1.65
kYbp35YhEAk,longtang1234,18981.0,1.85
kZJ49wufckg,stellamaris0930,151662.0,2.4
kZLybrVIKgk,IIIREDSTARIII,13367.0,2.86
k_rccwXLRLE,ALFD3S,43740.0,1.52
kakhhXK9e4o,luvgoldmine,34321.0,2.11
kbM-ExOvtbU,imelugu,17254.0,2.4
kc7IMig3SZs,undadoggz1,42688.0,1.76
kcBPsCUBbts,Patricknor,144638.0,2.96
kgHM_uPpW28,Ginchy311,31715.0,2.87
khco_N-uEOY,ConcernedCatholics,28587.0,2.58
khqAOAvb7f4,cooldude1993,26904.0,2.61
kiaL7UMGJsM,emmakraemer,25360.0,2.09
kiud9Ogfbqg,selobknarf93,10757.0,2.71
kjN5IYu6VIg,Zanzibar19,689935.0,2.58
kk21DCtCfZY,MxPxRobbie,19376.0,2.5
kkauxJGrEbQ,willstapenj,19860.0,2.29
klPUylTFQJY,kisstherings,351144.0,1.86
kmu-Dakis7M,wikedgolf,13854.0,2.33
koMgE4C9770,brielivingston,11004.0,2.33
koOSjTEG8Mk,obiwan222222,33103.0,1.76
kqa-AGsCm7I,cyberlover21,11077.0,1.25
kqchA9bEjy8,eloiseshanahan,15814.0,2.78
ktRBnmATXjE,FreeForAllVideos,16458.0,1.15
ku5xoOVa8OE,affvsfseusnoob,34131.0,2.68
kuKoIh4mLBs,kuokengkai,18891.0,2.67
kxdkId_BIPk,humidhaney,23848.0,1.22
kyVeoBrTFsw,wzwmartel,11553.0,2.06
kz7_egTp5gQ,chaabicity,13993.0,0.0
kzNv_uLtlbs,natrussell,48618.0,2.18
kzwa8NBlUeo,lonelygirl15,759912.0,2.33
l-uLbH3oOWA,fredo96,71308.0,1.52
l0mXnU1ZJWA,jodieworld,45856.0,2.5
l1HKWVGn5dc,JeremyN1978,10215.0,2.29
l1msS71xL00,truthmakesfree,14237.0,1.88
l5jzoT5N-H4,rca012,11101.0,1.76
l6n50DGPTHI,GreenTeaGirlie,252066.0,1.87
l7nleFRlSiA,Montagraph,35957.0,2.49
l87Uza7kppU,rmsparklechick,52959.0,1.35
l8KRbNQP37g,roschler,33257.0,2.87
l8fbCJNtClU,chs22m,22780.0,2.42
l8kpZKrIWjw,msmmovies22,13018.0,1.84
lADwEw8He1k,yanir98,23170.0,2.01
lAXzu4PX6e0,owenongayon,28790.0,1.86
lAq04DxRqik,clevelandpap,12759.0,2.67
lBU3028vRUQ,Epaulette,25725.0,2.32
lDwnr-lAru8,jayschaos,24068.0,2.55
lEs9vptheuQ,NbWY1,11288.0,2.36
lFGEGrYlsO4,emilie2693,13747.0,2.67
lFk3bvwQGAQ,hiroki77777310,18083.0,1.89
lGuw6JIEI-w,FilthyWhore,73079.0,2.71
lHlszS2hwcc,trendbender,65025.0,2.53
lIJsz3xq380,cycy0033,31019.0,2.48
lLSBl4myQi0,358816,25077.0,2.11
lN1AVKphbtE,versionart69,13793.0,2.32
lO8EPQxppG4,orhanca,81872.0,2.41
lP4FlBwUpRQ,benchtaz,11886.0,2.83
lQ5oPV8SkPE,VORHA,11981.0,2.92
lROSe6BXUhs,ty6ft6,23607.0,2.94
lRRHehNz_RY,m13031992,10221.0,2.15
lVHKmciS0XE,HerrmannFilms,11476.0,1.37
lVkYjp4mqnc,rossenamait,26172.0,0.0
lXoP-Wv2Kgc,aulaformativa,38743.0,0.0
lY0Kim8wC8Y,SergioQ,24130.0,2.97
l_Yycc_w628,Iammars,13657.0,2.92
l_sHt1yOwHU,pugness,16553.0,2.56
la5h-ukVors,Saskatchewanoutdoors,15867.0,2.91
laVn_Ac0V3Y,3lmo2004,18992.0,1.87
lassHyF6rAU,Ritterby,28142.0,2.33
ldSs_19O7B0,ferdztech,10579.0,2.5
ldaf6KZUSVs,pavement55,25614.0,2.48
lf-1wpGuuKo,SwingPenguin,15626.0,2.9
lggDOlrlKJI,cheerysakura88,37208.0,0.0
liLYnvLr2tw,M4C4D00Dl3D00,16216.0,1.44
ljNn7ktApTQ,monosodiumglutimate,18946.0,2.43
ljxIo2p0CxE,adzika13,47886.0,2.5
lkn9pU0bjJ4,liquidflowz2000,519201.0,1.85
lkyELhMdv0Y,hyper33900,65864.0,2.61
lm0KBYH3L8M,CBS,51059.0,2.07
lm0lHwfv798,superwangers,11128.0,2.68
lnGus7U8IKs,djdevious1,87442.0,1.65
lo-tI97bvNk,sfobama,11132.0,2.33
lo2wttmcBoE,robertheinecken,25022.0,2.59
loDXdlVWvTM,kanchi1979,19629.0,2.12
lpEaYH1calI,linkprops,37399.0,2.53
lsDaC0Lp6nM,jbrow99,20407.0,1.38
lwh2Uj8dUp8,sinister2k,308736.0,2.45
lyAwQ87Ql_c,verfoto,10635.0,1.64
lyP9JrLOpG8,straightrazr,19368.0,1.47
m-kLW6cfNUY,Mentalpatient87,16664.0,2.82
m2hWZZK2GCs,consumerist,10379.0,2.1
m2nx-mCH67k,katzz,12093.0,2.53
m66O5IzCVtk,doober123,22629.0,2.21
m677ni_DYA4,lilone3690,22793.0,1.67
m6MwymLApFk,bbloom,12245.0,2.8
m9A_vxIOB-I,njdube,677876.0,2.62
m9UeXp6YWd4,aliciajoy25,44816.0,2.64
mAyL9DZKwNw,newntertainment,10279.0,2.89
mBeV8JXBe-g,fcbarcelona,32120.0,0.0
mD97dBIpVaY,guachupa,35787.0,2.84
mDX1IT1o3AI,22bullets,38041.0,2.77
mDmttv_I6UU,sospoison,17516.0,1.55
mEUUaqqJC-s,filehutnig,14653.0,0.0
mF6kI42TaC8,1sexy2,16655.0,2.24
mFfKg02db2Y,gngrel,13251.0,1.94
mIOIjBGqLSw,Fifiona1612,16662.0,1.92
mISt464U0_Q,NICK870123,39573.0,1.41
mIbY5bZBe_A,trainsxderail,10929.0,2.98
mIfUFem_U9g,Caselord,114796.0,1.97
mImZ3sBKigE,scary17,19828.0,1.82
mJUGI8ecFG4,claudio18usa,14361.0,2.76
mJp4nk5-Dno,BoxcarFrank,11367.0,2.23
mL4sPr-BGQs,21ButRich,15017.0,1.47
mNGFDLFmLPM,CBS,76432.0,2.39
mNWyNXhDnlY,jackass6666,35665.0,1.9
mQOm3wdXPwg,GUYBLOGGINGdotINFO,102398.0,1.46
mQbuifa4LHI,jw2626,23280.0,0.0
mR0MXOdHLOU,WKSB,11794.0,2.53
mSEyvwMObZo,KillerDreaming,46514.0,2.47
mSNtO4B-AU8,LittIeKuriboh,45206.0,2.12
mT-iSTmsLZk,aZiMiZ,11036.0,1.92
mUF_LrdW-ps,EMSaction,14232.0,2.6
mUd0hcEnHiU,lonelygirl15,555509.0,2.63
mVkc3RSYiSY,FOGYAL,18568.0,0.0
mVkhQsJNcI0,katzmeowstudio,23114.0,2.58
mWAuIsQqhkI,jpc0401,28070.0,2.02
mWW_rEXKUck,xxsugahunny9xx,25509.0,2.6
maKbUrcEPLo,Sythik,19102.0,2.59
mawJS7vIxvc,eaturguncop,15174.0,2.86
mblR_-8AZqE,tomtomskates6,33428.0,1.47
mcCmAgoxfkk,PROCITY777,13344.0,1.65
mcNlaveO2dw,pconnell,53566.0,2.62
mdGO9AKZQM8,Batmanuelle,41045.0,1.66
mfHk5MtV3nY,forscythe,11612.0,2.89
mgTuO6W3Hlg,MountainCatBob,11327.0,2.86
mh2msgo_q9I,kill2kg,11638.0,1.9
miP-SWacTCU,xxAydaxx,10628.0,2.6
miYv4wIyYr4,lookwhaticando,12735.0,2.0
miwQjw0tIoE,JohnMcQuilkin,35356.0,2.97
mj73_q6k6HA,stellastory,11806.0,2.1
mj_lHoElFcM,nickdrj,82450.0,2.75
mlOxjvL5xBo,IvonneMarieV,17237.0,2.25
mlu10dt1aFY,jon123dotcom,11370.0,2.15
mmNpfMJojLc,flagrabbb,155135.0,2.73
mmXQ5qEvQWE,andreluisdeamorim,78995.0,2.15
moJESpXqxuA,rmrsgirl,13147.0,2.65
moL4clAnv48,newtsamson,11472.0,2.78
mq7SmFRTzn8,spartacus3410,17960.0,1.39
mr7DN40OyDU,jambred,20113.0,1.25
msqzgYm-mx8,angleism,56030.0,1.71
muV-pGc8y08,ZUKUDJ,12896.0,2.71
muqIUETVM4c,sandrsa,10516.0,2.78
mviwEvWFrS0,XinTxan,10571.0,2.83
n-USUMDI1no,Emopeterpan,11292.0,2.06
n1XGzNlSanU,snicksnack,13035.0,2.93
n21WQsW08co,sammorykwas,20851.0,1.89
n2NJXVs9AKU,charliesvideos,11492.0,1.84
n3HpQbzuuKU,drogin1980,13591.0,2.62
n3Zm7RUFTCQ,ImprovEverywhere,185410.0,2.98
n4-scG2OaIo,ed17aus,11953.0,1.94
n49dFaYH3WQ,KeepTheLiarAlive,56049.0,2.58
n4IWLyzne8Y,tariquendi,37760.0,2.86
n4nPD41h7MM,jupeke,32178.0,2.99
n70UADKZW3A,headvsheart,28785.0,2.06
n86uAIdnD3U,theultimatewwefan,10226.0,2.9
n8iKeDaCNW0,JiffX,34231.0,2.12
n9DBdokG2D0,rorbin,10595.0,2.97
nArZGxKs-mY,guiguox,12021.0,2.35
nArucDTxOmo,tuxlinedance,15641.0,2.92
nBvpuqZAM_Y,Fanta32m,20383.0,1.8
nDCCjwWqsDA,sociallyxtragic,30957.0,2.9
nDFViACqUjA,guiye,10923.0,1.73
nD_ZhyFBE-k,greeneggg,12169.0,2.07
nGqiONXkcn8,yoonah,12935.0,0.0
nHmxM6SCQEc,gazsannsei,14411.0,2.0
nI8uG00Q3xM,thesteveshow,15153.0,0.0
nIjgumyc7-E,Calinours2,113965.0,1.42
nJJoKU3GB9s,kusultimate,13387.0,0.0
nJXf5ryGZQc,kapone69,151916.0,2.62
nK9lPIFwz-4,PrimeTimeCity,11313.0,2.27
nKzdXYFj6YY,bicycle2ch,11808.0,1.62
nP-NuhYa90U,author,13456.0,2.64
nPGTWwF5VnY,pokerpaddy,134867.0,2.9
nQ64Ir8j8wA,chubbykilla,11371.0,0.0
nQhH7HLsv2I,wwwJodaTV,17136.0,2.56
nR9LyNbPb6w,quiknutz,14490.0,2.67
nRkKyKcfBr0,quaker91,23881.0,1.15
nS9HAZ_y2zc,kodayuki,25106.0,1.81
nTW4fBJF_Nk,thesaintwashere,17363.0,2.07
nVpI6p0QcBQ,rojiurablog,13454.0,2.46
nXx24KvnUMY,urjunha,13012.0,2.11
nXxXrKpU5FM,nahim1989,16178.0,2.88
nYrjFp53BtY,JohnMunro666,54164.0,2.03
nZkCofC_pKQ,stageman189,40457.0,2.64
na71yNRZwAA,theslish,11985.0,0.0
nba9xkRdjMw,gay4jeffo,31213.0,1.5
nbdXM-qctZc,6OTANIK,18596.0,2.5
nfNA0x_dxWU,LarsDave,10292.0,1.73
nguJQ_dRPXw,ResponseAd,736159.0,2.51
niXUCk4D_I0,soultrance,61468.0,2.5
njSzOfAHMgQ,cymbidium,18345.0,2.38
nobZKbtme-Y,laddii,14842.0,2.91
noeb5Ra4Tok,Xorue,14631.0,2.6
nosi4JFsQSg,reddevilalbum,15108.0,2.57
np9kFR1Fo-0,xxxxemaxxxxm,25599.0,2.64
npi62Wy71uc,gustavobelarmino,24370.0,2.6
npyQ_BsSbTY,t3dtk,21857.0,1.81
nqDkMiDUsX8,psugeneris,14976.0,2.88
nseNjN7sWOo,chanmatthewchan,97434.0,2.2
nuj0si174Lc,Jackvo03,16874.0,0.0
nv0piQ624E4,americantvd,56417.0,2.28
nvojGfxavIY,EmilFalk,23985.0,2.88
nw6LBbeXTww,bitchbasket,19357.0,2.46
nwnwkAgKTnk,pittcat,14718.0,2.81
nwqEAPK1YMw,SexWithEmily,25213.0,2.1
nwrRNkjKm7Y,CBS,12055.0,2.33
nx4HZuna_Po,igosegway,22649.0,2.62
nx9hNajRpJI,ImTheNewCancer,12504.0,2.5
nyVRpNuQuMo,joeysipos,14640.0,1.96
nzRa91kFkM4,JohnnyQ,21628.0,2.84
nzsMMK_W620,nichole5533,16599.0,2.65
o1IOGWNk2J0,madgyal,11973.0,1.84
o1WDl32ZcJE,pnaycjean,13664.0,2.71
o3uvBiIrtTg,FunnyHaHaFunnyHaHa,145466.0,2.82
o5jEbZt6AIQ,KyleOrl,116787.0,2.99
o60YmD5_5-Y,hambone155,15634.0,2.59
o7YnGdcAjFw,SwamiAssango,28394.0,2.71
o7_cfc88-6M,dreadiedan,15173.0,1.5
o7bZyBSh2tQ,ZuneSceneExclusive,50721.0,2.11
o8OMcG2keLY,workshoplive,10768.0,1.45
o8eKe1iJGPE,MotionStudy,30758.0,2.96
o9d3VWMtShc,NICK870123,29526.0,1.67
oCWsuq79owU,geeez1234,18272.0,2.36
oHs_yJzPlOk,cmdrgmh,16912.0,2.61
oIadF4A2ycc,wiimodwii,32933.0,2.9
oIhuvWgDd3o,tyevind,25266.0,2.64
oJMwT7HA61E,lemonjuiceisgood,14866.0,2.7
oKByVuQNjMA,grayskull,22740.0,2.67
oKkeMylv0gg,paulina99,41726.0,2.86
oLG65f8pr5E,oVEGANoSCUMo,25114.0,2.49
oMWYrMAmbj8,RayTheFox,10202.0,1.82
oNeBTdl5_hg,shiroro,11512.0,2.25
oNfys6uxroY,panicbutton,10158.0,2.51
oPIYxtjLFeI,jmehatesyou,53234.0,1.47
oPMBo1GM-AU,GeminiBoostu,335718.0,2.81
oPyZ5US2OXk,karlsimposter,30059.0,2.48
oQM08WxiZ4s,roto,16332.0,2.97
oQMKD_wrSsc,omoto1,23475.0,2.5
oRck8ZyyLtk,chilopbop,13942.0,2.58
oUVpSY4eBCc,anandx,67550.0,2.62
oUcFt1CLmSk,UnrippedSmiles,48358.0,2.29
oUshylbnwgQ,MrVestek,187925.0,2.15
oVPCirgObEM,ThoShinoda,40581.0,2.16
oVbYmpoRvhU,SonyPicturesDVD,42655.0,1.64
oVv7K1JDZNA,nofxmxpxrx,12008.0,2.62
oWh8P9U9E_g,soulweaversocom,420758.0,1.79
oXJGU-3ks2c,presenciacultural,47296.0,0.0
oXb5xq817zM,Andy787,29106.0,1.97
oYV6Fjk8xio,kaaty43,35651.0,2.29
oYbl02gBKRE,beauch,13578.0,2.96
o_pIQIV_NuU,colourfuel,153688.0,2.7
oa-RapWcKEg,scottschiller,12983.0,2.75
oaKIqqZjhhA,Apokalyptica79,10415.0,2.97
oaUo-UzPg2E,ffmuteki9,13815.0,1.82
oa_I4vnjNAM,HoustonChronicle,788353.0,2.12
ocgrjx6IirY,dadarocks,45820.0,2.72
odBja8onsvo,pieterll,26240.0,2.73
odHxVma3OPA,eyhobontot,26701.0,2.47
oegorIYumFY,Nikolaudius,26496.0,2.74
oeqkQraNO7w,Tornie,33573.0,2.41
ofZW-Rly6E4,wbz4life,12222.0,2.74
ogcM55-1dJU,relentless,19648.0,2.57
oh8dkRVTkaw,polskababcia,15905.0,0.0
oijuqqb0iLE,CBS,19269.0,2.33
oj-9dzLyV2o,judomachine,16856.0,2.92
ojI7eKxpZh0,getamac,31535.0,2.21
ojfvwcMQxWw,elbacho13,22939.0,2.87
olXNrWAEBlY,marciagabrielle,26200.0,2.66
olXcYAwdcrw,FortNinety,14220.0,2.53
omvptNOn0js,msxhior,14071.0,2.87
oneHrqUFaKM,salatieljr,16133.0,0.0
ooDAdPaBFgc,virginshaka,16977.0,2.71
ooy_kxVoi5E,cheerysakura88,37148.0,0.0
op2Z5K65Ib8,tmoney9980,21992.0,0.0
oqIgXysxs0E,MrHappyTalks,31377.0,2.4
oqcaJ4NrUKA,freefuelsaver,224066.0,0.0
oqltPUBNM4U,F0rget666,117987.0,2.7
orq_QPzI3mU,bajlamequis,13281.0,2.89
osE1rX69D60,vlogolution,180735.0,2.62
ow7oJ-iuAwo,lonelygirl15,303163.0,2.76
owL3gHi2QHM,m0801,19984.0,2.4
oxSPKSP5G7E,Cassierica,16217.0,1.66
oy0iIeR0JAY,colcol123,19171.0,2.88
oyLtXCzvI5A,srbenda,32325.0,0.0
oyYN-rkCUzc,HaywoodJablowme,10820.0,2.45
oyi0PfU5v-k,Suowianin,17815.0,2.81
ozvo9X5J4Vw,sdubois92,10263.0,1.87
p0dwze_tfnQ,fehrlz,24648.0,2.65
p1aRKys1Jps,heimo20sen,10163.0,2.73
p1byRvp7we4,xplmiller1050,15602.0,2.86
p1nSaeWZJkA,cheerysakura88,36143.0,0.0
p26FJ0G2apM,Manolakis2,69542.0,2.89
p2fAIRgYuNA,neettakeshi,63344.0,1.96
p2quaQkxa4Y,femanuel,17998.0,2.6
p3iQdD6-dbM,fortunafilmsusa,119017.0,2.83
p4aWmrlAUoQ,edibeizm,14897.0,2.59
p4bypewNNGg,csir316,11563.0,1.68
p4m-mJ4nhUc,jamesrstewartaz,12362.0,0.0
p5JgKYJM0FY,Theopatch,38559.0,1.5
p6URa4ygYWI,1978jamesbx,140528.0,2.62
p6n6ksUZ6DU,WCK619,80525.0,2.83
p9tNfKCLO8Q,majusia12,126879.0,2.78
pBws5cDcGi0,samverstraete,10617.0,0.0
pC6qvx3T_hg,AbrahamJeffrey,74245.0,2.55
pDMSgvRevSg,btthevoice,11521.0,2.64
pDOQ38fmklU,lifestudentno83,13208.0,2.52
pDiI8LQkC4o,chozengirl4u,46266.0,2.49
pEBUDgPiPl8,767corp,29063.0,2.54
pHJKdWhalHw,Likhan,67994.0,1.54
pH_4IYuKbNw,levoile,60502.0,2.0
pL3Q9gUEvtA,calvino78,133916.0,0.0
pLmMsQ7hL4Y,tvagalnabrudar,16359.0,1.62
pMxXsLBtZlA,w2fcrew,14917.0,2.51
pNU47fcAdyM,coolguyasdfg,19514.0,1.54
pO3Hb2Y191E,sexy99999,14469.0,2.03
pOUxA_2kp8g,poodlemonkey,45554.0,2.68
pPZ2TCYC8rk,COJONESDELOSO,15475.0,2.06
pQ2GwIQ7S3I,emrEvo8,16407.0,2.0
pQ5PjQ7VRXI,Romansik,12456.0,2.29
pRtCSMSE_yg,drawswithcrayon,479183.0,1.86
pS8Xu3tzvNk,clearedfortakeoff,20682.0,2.2
pUGo2a8i3SY,AnOldYoungGuy,180896.0,2.99
pURtsUbxLVM,servercanavari,14688.0,2.7
pWBHBi3ZFlM,vlcmediaplayer,10518.0,2.94
pXWWVwo0Too,geriatric1927,10806.0,0.0
pZSTFS0tlRA,livechatoyaji,18456.0,1.0
pZxwGbHa7zg,chachaelunico,11341.0,2.33
pavxkckjj1s,mafusmono,13503.0,0.0
pb_PiNh2b9A,AForeignAffair,14709.0,2.91
pbcACVn-yaQ,Kafkanishian,10254.0,0.0
pbgkVvQyrUo,eastvanbc,26604.0,2.6
pci7PNw1PjY,tekn04,33123.0,1.72
pda4TU9PaEI,pglimk,35802.0,1.52
pe_gsElfjQg,SteelSpartan003,13827.0,1.98
piEz74G6WPA,nakile,17183.0,2.75
pjGnPSToK10,ChainCraig,76064.0,1.56
pjHnE2MAwOk,DrifterEX,25325.0,2.23
pkoJR7xOE6Q,chrisbarrett,888265.0,2.64
poebrLv1H-Y,broadband2powerlines,65883.0,2.26
ppWneG2gF3w,jonas19900,17209.0,2.71
pqJlBBOUI38,dmurawski,13036.0,1.87
psajhDqYnvs,bluemileDOTca,20994.0,2.5
pslXLnl0yKk,rriccardi,298562.0,2.76
ptB2WtX1pg4,kogomi0731,30998.0,2.5
ptysIyvVXZE,sofianevideo,64594.0,1.0
puCP28dtQMQ,bluewave007,18487.0,2.4
puKQ71Nz-m4,austexdude469,163284.0,1.78
puLpXs6KLsc,demonickalfun,60718.0,1.89
pvcBNpAe0kg,Iamkurt,20164.0,1.75
pxUMmNOGW30,malachi25,10781.0,2.82
pxk3_r3jXFM,gontenorio,51006.0,1.84
pyZ-DhDeLLE,mromanco,35291.0,2.77
pz_THY064_w,lonelygirl15,505732.0,2.92
pzl-S0zb-ec,ephesians511,18004.0,0.0
q-4EOjGFw4g,MikeWh0,34525.0,2.96
q14VMJHLV1A,Drainage,30212.0,1.72
q1UvfBWEM2M,RiezoMikano,12294.0,1.88
q2WuZYKNCkw,KennyKold,58490.0,2.73
q32epSmAnZ4,PreussRobotics,21174.0,1.67
q4sD3-wJu88,aski909,47622.0,1.55
q71o3DymWlw,Cutecamster,19183.0,2.43
q7oSpnXd5GY,lonelygirl15,618111.0,2.97
q84gQTtfsI8,zlffj45,390265.0,2.82
q8M_8f3dxAs,akclark2001,20967.0,2.58
q8VwSJ1joIo,Thesgfire,12151.0,1.38
q8ipr_Aolto,htownaloha,23246.0,1.48
q8yAUmeHqrs,GUAPOGORDO,20993.0,1.73
qA1-ciU4n_E,xxRuthAchxx,14750.0,2.2
qB0FB8nwWbI,hkloklok,58524.0,1.93
qCZ6LYnKAwY,danthemanizaeelsfan,15301.0,2.08
qDYpxRvJiKQ,katsuzetsu,239862.0,1.8
qH2xKkikmrk,JGambolputty,32543.0,2.3
qHdrfzN9Mzg,melissalohr,383109.0,2.48
qICNX2R_8s4,JargonsFury,31113.0,2.81
qKFmX58-ADY,omgheatherface,11272.0,2.5
qKN0yUdBouU,katystafford,45244.0,2.34
qKT2X_EcjSY,AgentTyranus,13607.0,2.17
qL7emAIraNw,enthusia86,10436.0,1.58
qLOKBBgoaoo,nevrknw,45658.0,2.11
qLe1RnjPnF4,Jakedebest,14596.0,1.46
qMazm-IEq30,Gladiators,13776.0,0.0
qO0MfFR67AA,alibulalathegreat,113085.0,2.44
qO77C7vJU-A,sic3335,76338.0,2.27
qOeRhD6IBxg,jdrisch,11154.0,2.45
qP5n8okIq94,cheehol,15562.0,2.43
qPOr0Dzhhc8,Persischechica,10022.0,2.8
qPu4WB9WbGw,123synthland,10134.0,2.6
qSOvR0hRAJ8,stefytheband,399769.0,2.51
qVmhbfJFs0E,moonlightyau,41606.0,2.69
qVzwENnycq8,badfilmer48,61908.0,2.7
qW597mn2XWM,kilinpaska,12882.0,1.64
qW797e3FYdc,MentalBuffering,15226.0,2.7
qWm52QfPrG4,NezzeN,28005.0,2.61
qYpS9cs10_s,azn0raver,13755.0,2.71
qZbHCq1fqVE,ryno135,11610.0,2.44
qZqU4YLnbJM,linda729,31484.0,0.0
qbN6sDaRYVo,pinkystarfish01,10824.0,2.6
qbopfemZRXk,brianstreehouse,277402.0,2.2
qec8gmj12xg,Filgaia8787,10860.0,0.0
qemim2XLdws,mlb2233,24029.0,2.77
qfUY_27QrYw,gemmers19,163675.0,2.77
qgQlTlpxNwE,niqhunter,23914.0,1.91
qh_z5Dj96HI,angelblaze83,135308.0,2.91
qhw71XihgUM,neutralizerxx,31556.0,2.33
qiDKhSQZ9uY,Tygrysek,171527.0,1.86
qjZaYCjsRBk,TalentGoldmine,78322.0,1.52
qj_GMVRazng,HTDfreak801,30174.0,2.4
qkMTb9is9og,3Aglaja3,13517.0,2.27
qkpo-zSOMDQ,icecolddigital,25756.0,1.74
qlvUY4gXA90,Averran,95965.0,2.59
qopyzZyjiXI,Annetjie,78328.0,2.18
qozNapo2Bh4,seroksen,44571.0,0.0
qpewCQZVAfc,underground,634856.0,2.84
qrf7YjEijbc,sodor600,43823.0,1.0
qtUMgCjNWow,zigmaleho,14453.0,2.75
qtrqwUm38jY,rlavignes,59337.0,2.67
qtulD9vpL6Q,noob4,63965.0,1.62
qu6M2dedVEU,aznboix510,11866.0,1.57
quYaFwV1DzE,expressfan,20955.0,2.58
qvC2dRGHZHw,MallcoreMassacre,12206.0,2.25
qvTNKELrUVE,NoHoGirls,18904.0,2.76
qxH5Q6l65bE,daviddiaz1974,22182.0,2.6
qxMIMjsBmYQ,pyrodude500,12214.0,2.59
qxX16wdAMWA,goodsamaritan55,27411.0,0.0
qy8sPT4XpS0,tuberguru,20320.0,1.69
qz8lDAJcx9o,monoloko1,14164.0,2.07
qzcMD-9RRzw,xSin,22270.0,2.48
r1PPO7DhPRI,sebichus,11571.0,2.73
r4kVvy1HUaA,Chedigitz,25917.0,2.77
r6k8wKVOWNQ,RonnieJer,21154.0,1.41
r78U-7wgBUs,Ritalounet,74088.0,2.36
r7DLy03hfdY,steelfalcon,12026.0,1.83
r7NPzi08ilA,dnyal,11215.0,2.96
r7wpI9Dw00Q,putjattda001,26996.0,2.01
rCKLu4aPH0k,monosodiumglutimate,19440.0,1.67
rE9YsNcphK4,knavish,45991.0,2.48
rEgmhyX6ngs,lphighway,11352.0,2.96
rGDp7XUe0IE,XthaStar,17468.0,2.24
rGgBLGzLiKw,adub553,20746.0,2.1
rIxnUIB5TzI,ahmed11451,18101.0,1.81
rJl8DEit-Qo,kbox,41401.0,2.66
rKnvSCTCFU4,nudehippo,40722.0,2.85
rMGIq7te1yE,V2WS,54725.0,2.29
rNjdcfyefFI,opel211,13676.0,2.86
rP6T5AMIXhc,Metallitarium,22153.0,2.52
rPwx7qfjvXA,torkhum,17106.0,2.0
rQ76JInppM0,chicagoNINJA,10031.0,2.06
rRTOmzpA1W0,boamuro,12810.0,2.33
rS5x5TO3VAg,ApologizeJohnKerry,15872.0,1.67
rVHLQKiIxCE,thisisrealpornonowye,29072.0,1.76
rY51VogMOiE,YourTubeNEWS,179647.0,2.7
rYpJY1A_eCs,wormsmakedirt88,24987.0,2.44
rZRXVCi7-KM,MightyMovies,14845.0,2.84
r_Ay6zAE5UA,smb4a,17124.0,2.6
raQQgtzkSkI,rdh240,22576.0,2.33
rafpJ7DzqQ4,lonelygirl15,934924.0,2.67
rapvHd-GMLg,danoinc,26328.0,2.79
rc1UYIRzcTM,boftin,62678.0,1.71
reEagRvQlfQ,juggss,30013.0,2.04
reQZT9Hzvt8,total411info,12493.0,2.97
reXD1k5AoGo,scpafc,10659.0,1.68
rfBrPCWb9pg,Drakken,35690.0,2.91
rfmOX5TnFoc,sonomanmachikubitch,58846.0,2.0
rgN-sx92Jiw,gfos,10252.0,2.64
rgpqdoph0Lk,wildlime81,10869.0,2.4
rjk8oQ__iI8,VargasGirlForever,10701.0,2.91
rlpIdfGRRQs,Bandageboy77,33860.0,1.92
rnIB_PF_dfg,kellyames,14116.0,1.55
rnlPaSkTObY,joeshimwell,36259.0,2.82
rnmLHNjSCQo,OneAverageAsian,10342.0,2.2
roFEFIYLscE,PamelaPAX,16155.0,2.64
routGAyQt_0,bimbimas,57128.0,2.82
rpXBddLA2pk,xuanback,51460.0,2.95
rpxDZtnk_Zg,rescye,12102.0,2.27
rr-JOrneBtU,shikomartiny,17706.0,2.49
rsIEjOjh4C4,hotboy328,11376.0,2.6
rtN-uExI2f8,exmortix,11141.0,1.22
rtlSOsZhwRY,imameric,133940.0,1.81
rx82h8eRaFs,jacob13217,15610.0,2.44
ry4T5guPSAk,chinkmaster,33136.0,2.34
ryEEY0V_L4E,vlassakos,25112.0,2.41
rzQYo5P3xN4,noahmax6000,88105.0,2.72
s-LD9-7FR6U,FC3sInfiniIII,22514.0,2.82
s-ehAGQcyBc,soundsforsamplers,15166.0,2.36
s0t77LEW9UE,abichan69,13596.0,2.73
s1dWy4tmobQ,jamsam2000,15851.0,2.0
s3IpLZN7ILs,gamedaily,20762.0,2.4
s3tBXwnNQTA,gogokristen69,15353.0,2.0
s4YXaIPYWKo,LoverMindy,31301.0,2.67
s4gf00l6BQg,wrestlinggamez,15430.0,2.33
s4wMCZNpYNw,smartyin,16007.0,2.11
s6UsdTIa2Jw,CBS,10140.0,2.47
s79ifgyjNOg,armedNviolent,16891.0,1.46
s7UhLWBoVe4,ChangeDaChannel,63113.0,2.71
s8gHikx1N1E,theblemish,26870.0,2.5
s9Wid2umT6Y,dem0ndeath,205205.0,2.13
sAI5S8IvD7w,MEQBOYS,700182.0,1.52
sBgAIEl2Zz8,manc06uk,15195.0,2.32
sCBZsUupggY,der45,11509.0,2.77
sFc23gkmgT0,delta193001,23873.0,1.36
sIkcLkzZ2_4,rammauh,27623.0,2.23
sJphVL7NNR8,PictoChris,90889.0,2.34
sM9P3FO7tgE,znergy,16588.0,2.68
sMIoVO-3Nsc,sbilgec,479541.0,1.88
sN0CwarwbZg,xelloss1012,12087.0,2.4
sNKRbtJpaxU,tsssux,55753.0,2.9
sPBK5DOQYF0,huwz56lol,10880.0,2.36
sPOKMXbGw5I,cheerysakura88,22253.0,0.0
sPz75VjufH4,MatthiasPf86,205556.0,1.64
sQ6fa-CubEc,NoHoGirls,163613.0,1.86
sVL7gQ2C0XU,Neiltwo2,13878.0,2.58
sWafpqDCpk4,thelivingjenn,29783.0,1.95
sX4w5F5abow,judymike36,14998.0,2.8
sZvi-6ncyf8,aek6000,17159.0,2.98
s_alIZ0x3e0,ShelleShell,32899.0,2.84
saIWtY2qBGw,rdf145,33205.0,1.75
sb8J32PyibY,Woopsadoodles,12944.0,1.6
scQZDiMW644,mrpee01,10912.0,0.0
scuqPFTSods,JeZcOn,63376.0,2.4
sdcOwmYemhM,polletto88,103260.0,2.95
sevBauO3M5w,AmmoWasterX,11509.0,2.0
sg9OtE25MbU,AcePuppy,28448.0,2.24
sgOZpwDO2nU,something1234,12562.0,1.71
shWKW3LzSmI,worldcarfans,38688.0,2.58
shwGa9uBJ7k,MakeMoneyOnline,19738.0,1.18
siaCdfkdSwc,doomboy5,48583.0,2.95
sj2lphaSGAk,madwhitejamaican,182910.0,2.31
sjqE7qLRn5k,emusska,21234.0,2.55
skN-AoMmM1w,sexymilfjenna,336516.0,2.11
slBjwO688VM,Igenix06,16162.0,2.58
sn6ft3btOPE,rabid,167788.0,2.98
sqJINiP_OtA,misslettiespaghetti,118658.0,2.0
sq_UL1jgux4,runescapevid,18466.0,2.17
sqqeCkjCa8s,MMASK,17797.0,2.44
sr06TKiQy90,bluesteel921,11230.0,1.63
srYwTcwSpJU,Snoopykojiapple,31492.0,2.46
ssAt7vHqDcU,jyb,11683.0,1.99
ssSyrX63SYg,JohnnySka,72890.0,2.92
st49eRKNzYE,retardedmafia,12512.0,2.29
su6vq9VAHKY,Kazaire,70480.0,2.7
svCViKRMYnw,Nanorider,31924.0,1.67
svGiFqoiGNU,nashvilleadventures,35531.0,2.74
svuU9VSHZPY,liarliarpantsonfire3,53746.0,0.0
sxN6gJBfb3s,dparra15,23977.0,2.08
syFP_WWco-o,tornapart19,14120.0,1.4
szdF1nIAfpk,cungle,56036.0,2.92
szjbRY-ljhg,KveD,35686.0,2.12
t-DHrx8yQw0,RandyAlanis,13137.0,2.51
t-S6KwdIOVc,Lawngnome64,12444.0,2.44
t1MkfOw6ysI,Rhettcramer,30182.0,1.36
t1mrOnI9Cc4,Barunnnka,49507.0,2.92
t2t6AJ4WZz8,Drazick,19324.0,2.75
t5-SnWDeigw,ger24a,13005.0,0.0
t776LquosXw,xGoMxMAGGOT,11302.0,2.54
t7iQn21kmxc,amikmoraf,11855.0,2.71
t8WXgFWHOx4,MicAarZur,10297.0,2.36
t9BD2wl3QiM,Quimpo8,21677.0,2.32
t9VoFynSMbk,atticuswu,22607.0,2.98
t9psNzlhU3Y,DavideoDesign,56680.0,2.57
tA49h7lDCuU,FlashtheDolphin,26069.0,2.65
tAgVlp1Ue9s,AlanBrun,15910.0,2.8
tCNDEwZb45o,trecoolroxursox9,10396.0,1.97
tDU1rvZyNfk,lilboricua901,19125.0,2.72
tFAjCo12vTw,whoblitzell,18145.0,0.0
tFO_1w88Bz8,ghraf,27480.0,2.94
tG-RH1Z0U8g,bichnou13,10128.0,2.78
tGVP9wHd6Hw,w2pi,14381.0,2.0
tHyAcCgDHKw,hairmodels,20533.0,2.0
tIK2_7_MLWk,JuJubees2044,17909.0,2.2
tIf4gv6sfxY,CavMarco,29647.0,2.5
tIfPeVsqJQE,NegOBeatBox,13062.0,2.06
tIokHVOO-T4,fujisaki11,11090.0,1.58
tJNaJaDDHVo,aek6000,17610.0,2.33
tKV8aYcwQIA,k1ckdapro,54523.0,1.66
tKVp-YEVtVc,Ahirita,12514.0,2.27
tKlg3Zala98,mudlap,17915.0,2.15
tKn-KpcEAPw,jmcusack,77536.0,2.5
tLll99MXORI,Youngledger,24184.0,2.19
tMViZOeIa_U,staracademy6,23429.0,2.5
tPZjx1D_GHA,gloriousmandestroyer,24112.0,2.89
tR1Xb0MP4ic,CBS,33215.0,2.78
tRT-T8a2jK0,ryco2002,377619.0,2.37
tRlrBVq45Zw,dashawn25,13994.0,0.0
tTvSpMh9Eck,GutesForumBote,21607.0,2.49
tUFG7_tAa-E,LiberalViewer,30005.0,2.1
tUGAklK-7bY,cliffjumper577,12749.0,2.41
tVRChoZagAs,speak2josie,17545.0,2.35
tVaxcIeC3b4,fanofbobcorker,10802.0,2.07
tWvcdO1Sdlk,BudweiserMedia,213865.0,2.14
tWzIXkq-dLY,freakydeaky2007saga1,10164.0,2.54
tXY0AHl__Bk,topher1889,12651.0,2.0
tXijuTHLP-8,K1llum1nat1,20159.0,1.92
tXoQ8nu8LXM,BlackOnca,41139.0,1.67
tYKIHDu-KL0,ckastius,10725.0,2.0
tYrkvgSMxL4,dangie,73385.0,2.92
tZPArwv8LQ4,thesoycowboy,13182.0,2.85
tZPrLM6Ds8c,benlaroza,11258.0,1.85
t_y5RIFSNds,Haitian90,11273.0,2.67
taoB9JUM53U,crissk25,33962.0,2.21
tbNBaJ9UeGw,Evilll666,10928.0,2.38
tcACuy4x8nA,scenyx,373540.0,2.72
tcgPnnKpR4U,smoof7,15818.0,2.25
tcmVOt8HBas,ridzler,39972.0,0.0
tdgHu_uiRMY,NotLittleKuriboh,36509.0,2.14
tg9PF2GG69Q,matrixap,10885.0,1.96
tgFJmJFMKm0,gybu,55947.0,2.67
tjCl2rOYau0,Fifiona1612,1627075.0,1.4
tjkYLqpHCfE,josuevzla,13876.0,2.8
tkwkKC-6g3A,Anotic20,20133.0,2.9
tlOqFjI3yCo,unrequited1,13894.0,2.47
tmTffawI-9k,supermanakasean,15860.0,2.58
tmtUgeZMk-0,charlesludovic,17664.0,2.95
tp-1dU9e6Cc,jesusismetal,14545.0,2.3
tr9B_hpQ3lI,vicsuauj,12164.0,2.6
tsm-wmHShDg,oochiewowa,13717.0,1.83
tsss-7zjhFY,gymnast92,51768.0,2.78
tuL7E-x3fTs,lduplatt,64659.0,2.95
tuc9_A9qedY,Kafkanishian,10008.0,0.0
tvPC4jiSUfQ,kasim83,15171.0,2.83
tvTtXzQWuek,cinepie,14174.0,1.97
tvgnMyZA4aQ,cfredette,46254.0,2.35
tzXogCIdW3A,crazygirl818,46635.0,1.82
u1JbIkx3DyQ,VM4STER,100709.0,1.87
u2sKGWI4kyY,Matthewfreire,14758.0,2.75
u3R6nCflLg8,aeroginga,23474.0,1.76
u3gCliC7-gc,OpAphid,111806.0,2.62
u4vfoUUZrlE,sarahlee007,18382.0,2.0
u6IL8Ght33k,dizda,13406.0,1.42
u6X7TXounoo,blackbeltbob,10829.0,2.57
u6hZMtuuDVU,brittanybrat,10852.0,1.84
u84JlkEPTQI,videomadtrick,40743.0,0.0
u9AeyBvMuK8,Brt9003,16436.0,2.65
uA5k1zekDlU,Medialink,20744.0,2.15
uAX3F6wsVEY,buriedvoid,22317.0,2.58
uAj5eSAtTqE,jackblack5,26400.0,2.38
uC93eduarlA,MikeHuber,18888.0,2.23
uCfyA8qvfCs,mfloirendo,10457.0,2.33
uG5fhMu0wLs,torpil,11598.0,2.46
uH8mYJZ19_g,rick1001,48154.0,1.3
uJHkGxa04iw,SnuttySnut,10449.0,2.72
uJV1nRNKWtU,DaysOfGino,15903.0,2.91
uKCSbUF5qU0,royalken,17994.0,2.0
uL2ss0N07PY,INDECLINECOM,21412.0,2.29
uMJ-gSEuor8,alcor12,48545.0,0.0
uMs_aY3WiCs,chelseaandleah,10763.0,1.42
uMwQAerEDBA,amacgenius,22543.0,2.7
uNYD0yJ3cL0,anemontr,41879.0,2.41
uPiJhEETaUE,pactulos,32167.0,2.36
uRtf2rpMkTI,crocodilecherry3545,147039.0,2.45
uUfq0VKZ7rg,SchumiSaloZanardi,11513.0,2.92
uXPBdM-aAaM,NoHoGirls,512505.0,2.32
uY--X2zt3s4,andy123321123,63375.0,2.87
uZYr_ZiILQE,fujisaki11,19396.0,2.42
ua3A3Lqhncs,NoHoGirls,113412.0,2.26
ucMgVSrLb6c,fightingtorque,14821.0,2.6
ucyffJEAXJk,thedailypage,13748.0,0.0
ueaDTriuCq8,samwon,23376.0,2.34
ueqpI2tqUv4,garanganjang,13275.0,2.69
ufROlXEa9j0,dell111,11000.0,2.24
ugNoOJ5Jx9Q,loskamikazes316,99216.0,1.84
ugm60QUR9Zs,thegametube,24295.0,2.9
uhGxUaxsNWY,xXhellslayerXx,10679.0,1.3
uiFqatx_GqA,HaKKer06,10919.0,2.12
uiFxt741wZ4,cbarrett67,224793.0,2.96
uiILPnGNkyM,xoxtabixox,37159.0,2.79
uiR1ELKdaTo,mplocek,12904.0,2.62
uiSLWra6Ddg,knoli234,103965.0,2.07
ujx-MejP4to,nackl,16333.0,2.98
uk0Aj44etIA,Balage85,36960.0,1.62
ukR3KW0zh5U,myebaystuff,11043.0,2.29
ukdkbhgEJB0,lucianopelado,11643.0,2.0
ulIzyPYvr0g,CapriceK,25633.0,2.07
umIUrpXpmwY,JamesLimborg,12808.0,2.82
unfEUIKXZDY,elnickdealberto,15347.0,2.95
uoKZn65-1jA,delzakiya,176074.0,2.86
uobBcC5JFZQ,ohad789456,11650.0,2.75
uofSWFtrwTk,dedshak,13037.0,1.72
uqeFYFHfpZw,v4nd3rbc,31745.0,1.74
urIOfg0gbng,maniccheese,26113.0,1.93
uro0aKz4SJA,GEMSonline,41633.0,2.81
uszzfAybmsI,Kerigle,217860.0,2.68
uvIzK8IhVFE,OnceForAll,21127.0,2.64
uvfennnSesg,bellonzynho,22998.0,2.18
uvz8Z_E4pWQ,zebrawhocankickass,16963.0,2.66
uxZHnOGqfxE,leechcharmer,61904.0,1.48
uzSq-OwVXug,coryboy6,10032.0,1.38
uzgX206yrrY,halitsadi,11846.0,1.12
v0VFYc5B1Sk,ownyouplox,11547.0,2.87
v1-Ani0gyI4,procha,13245.0,2.72
v1R7UUjsYaA,oftenIGNORDnvr4goten,23736.0,2.32
v2IQTTm3Lgw,707wrestler,17909.0,2.91
v3u_v3wQOik,onkelbuggi,15991.0,1.83
v4kbHeWzBg4,Tampajim,19585.0,1.75
v51oJskO4EQ,nsx1com,16108.0,1.76
v520U3vS2iI,foxymcfox,99755.0,1.44
v5VkyfZD-74,hekisagon55,18882.0,1.5
v6ixSGLHQtk,HavocTV,49263.0,2.85
v6tK31NVUmA,playedalive,15890.0,2.45
v7TPDVFZWSk,Disasturbation,22995.0,2.19
v9abwb85QNY,TAMUSICSKY,11662.0,2.2
vB5Ka6478uY,Firefly2183,47253.0,2.49
vBYx2Bs6fqg,airjordan,28222.0,2.83
vBZO6VWdPZw,drawswithcrayon,29751.0,2.51
vBfB-PUjt6o,brandwho,19453.0,2.81
vBjvIqw2Uyo,NazeNani,18649.0,1.8
vCdruoVuA0I,sentyment,11998.0,2.86
vDhtw4vHUYI,Jessica4eva,18843.0,2.91
vDxWAaWO_Q4,xboxscene,10827.0,0.0
vDz9W9UXOTQ,hocman2004,10203.0,2.0
vEjqEUxDq0A,coolduder,16950.0,2.29
vGMfb60lc14,vietsk8,14250.0,0.0
vG_IoiApPQU,NoHoGirls,23544.0,2.82
vGtgMxxeGgg,CUCUBILALA,11040.0,2.8
vH-HAQchD5I,rshack,24927.0,0.0
vH4OErywIrQ,anazteck,21533.0,2.83
vHqnqRvcKF8,ruthless95,140527.0,2.95
vJv7w-Z4jYE,TymeTyme,10943.0,2.76
vKMRgmbhkbE,989ahmad,18275.0,2.89
vMDyeBd_b4o,oturay14,22292.0,2.89
vMmalyztiL8,escaviou,15960.0,1.77
vPTHP2-XA8o,Raul1989,10765.0,2.18
vQPF-wgBGis,ravengen,14914.0,0.0
vRhVB-fY8KU,CoreyDillonNFL,27185.0,2.29
vRnoPfN9vXk,smnfilho,20671.0,2.55
vT8Jj9qRFtM,internationalhaters,136663.0,1.25
vTI6DVk2HVE,geri06,15522.0,1.62
vV2zhrcokxY,tgreen13,11687.0,2.94
vVZo1_29bhA,dustylodger,137739.0,1.44
vW6ZpqXjCE4,lonelygirl15,328445.0,2.58
vXFhuvb25jw,ChilldpreyAura,33914.0,1.5
vXGvrJnV_oo,kwitter04,11122.0,2.06
v_ycuXF2NAs,MTRBoy,20233.0,1.94
vaqleyBEl3U,borjasuareztagoror,20002.0,1.62
vb1YixloRwc,razzamatazm,14808.0,2.91
vce_NSpJr98,jrc0912,19745.0,2.95
ve7py7CjMfw,daddytapatio,17062.0,2.76
veOKXR23RcA,njillmatic,24834.0,2.47
vf6gFoBvqzM,datchocolatefe09,20914.0,2.24
vfuD4-3AGyg,ghettopimp1762,97825.0,2.72
vgCiL6qGoJY,the82pitbull,26844.0,2.33
vh1CvepGYcE,myhazeyclarity,17976.0,0.0
vjE34uqkQa4,dougapepper,14550.0,1.23
vl2cWVAm-wM,zunenation,16942.0,2.08
vlaE4u0W23Q,eShrooms,109217.0,1.96
vnp1-TIfZqw,wands987,85397.0,2.69
vow0LHx3iH8,Lippi2,19902.0,0.0
vpqq4LDApI0,BlueZombie,86730.0,2.9
vpxhcNefRoM,vh1staff,444213.0,2.87
vqu2fM9F7ek,j3ooga,14332.0,1.62
vsovSOyPr08,SoccerKay77,19486.0,1.95
vtsFPcZFypM,atomifu,10549.0,0.0
vtx0g-Mp-WI,DigitalDancers,24783.0,2.74
vvPJwmGtgPo,CosseyOwns,25383.0,1.88
vx2ycphCq1A,torbeputalocura,21359.0,2.67
vxzJP9faoZQ,bmgdroog,22898.0,2.45
w-5PMs72S-E,citrusrum,13501.0,2.12
w0EiswqdkLw,brentninja,11332.0,2.98
w0G2sp2j-fU,Krooft,66256.0,2.6
w2xUzv6iZWo,garantiarkadas,1726429.0,0.0
w3JawS22CbI,sn0wb0ard1ng,10177.0,1.75
w5ERpQ6nv0Q,netcompetition,11833.0,2.37
w5OARVk6CzE,thebigredthing,26650.0,1.8
w5ldQ9gLDqU,AgentScottParker,12802.0,2.86
w6swg-GUAx0,glitterbug36,32065.0,2.78
w8bSoa_pjLk,GirlsNightOutShow,65051.0,2.36
wAmzFfoTBYM,leslieuk100,15710.0,2.59
wBU33RdkZEc,LittIeKuriboh,16564.0,1.74
wD1rAZnzuS4,Tupperfan,13734.0,2.71
wF7ubugvKDc,TurboTax,34294.0,2.17
wFYOsJAV1mA,adultktkr,43979.0,2.27
wFxLZDCpI34,mudturck2006,10244.0,2.14
wG-SrR060Dk,BackstageBettyCC,34299.0,0.0
wGGKwqxy5dw,sneaky112,96822.0,2.99
wI0nB0eR8yA,speedyjoe3,47520.0,2.96
wI7EeF0oi3U,Luvya24037,24463.0,2.48
wIEpEpMhfIs,tsteady,38692.0,2.95
wIf0OymT6Hw,KroLeXz,34352.0,2.65
wJreF4FDb_M,pigsfly222,13953.0,2.32
wK54K657tuA,wwwFlashVideoTVcom,18828.0,2.36
wM8mXB9rix0,lonelygirl15,140370.0,2.7
wMhcRCzEAyk,SpFamG24,14622.0,2.78
wNGxnAkuCsc,predit0r,16442.0,2.95
wNSGttla5ak,metamorfose,11071.0,2.67
wNoepN2w-3s,nickelanddimenigga,15043.0,2.42
wNpIQPz7FNU,chathurga,40429.0,2.71
wOFRq90PGFc,DateAmy,61017.0,2.41
wQGaDrQGKfA,olbap69,81355.0,2.0
wQVfx_Vspl4,nwsocialist,12682.0,0.0
wS01nmzBFKc,squigleydidley,51011.0,2.81
wSoVbrHpY-0,bunsandchouchou,18021.0,2.79
wSxhjMP3o2M,nycbjr,107171.0,1.92
wTGO03Izstk,504musicman,61213.0,0.0
wU3jmzBb22M,pramalot,15135.0,2.67
wWMJViUxcMk,vcgeno,59612.0,2.58
wWj0ucfJ3zY,FrankBKermit,21223.0,2.62
wZjzBXE0Xco,derekmoveon,53824.0,2.16
wamh6wJ9eKo,XenoConeX,16856.0,2.21
wbw0MxN4n9A,CaiperLane,19801.0,0.0
wd-Voxfkt20,DarkSora09,17098.0,2.04
wdxzKACIwok,HITRADIOFFH,28528.0,1.9
weG7A4lTGtg,rgbyhkr,100986.0,1.67
wfbqzhfnG_o,UberNoober,11288.0,2.92
wg9hsezfjF0,sanctuaryrecordsusa,16245.0,2.93
whHvXovWXSQ,emixdub,11094.0,2.14
whXf0UdpiF8,maryvlr,36348.0,2.06
wlsPJynE8FU,TotalVidInc,10376.0,2.33
wmfSZwemhdM,moxieinthecity,14937.0,0.0
wnDFMuBVe9k,invincibleram,12526.0,2.38
wnG06rv8JXM,scenexazn,15774.0,1.94
wof6NU53w1s,Davidhok,21184.0,2.92
wpQ1llsQ7qo,Greendayshadow,171088.0,2.76
wpxr-2OjkIw,jag1ed,24591.0,2.74
wqknwTgdUbY,TristaEden,11110.0,1.7
wuR7_fWgxU4,doctorklein,70968.0,2.72
wun1ygGf-Ag,maxfor,333621.0,1.56
wv0aLakHsPE,lordassmonkey,194879.0,2.03
wv0aqPXk7uU,timelytelevision,18785.0,2.73
wxbS-KREjZw,joshua7528,13050.0,1.67
wxpHsPuyt7M,sxCoy,10533.0,2.33
wy9ZF1ZFB34,BBallTapes23,10486.0,2.08
wywWOKE5ngg,samig,52203.0,2.72
wzCMcIsanII,ScrumYummy,25818.0,2.14
x-vuLzo0pWU,schroeder7,13437.0,2.8
x0BYHKbc5L0,fredfrog5,80956.0,2.47
x3YwXA80j00,CreativeVideoEditing,12108.0,2.19
x4CcNvm3PPU,EDinkPunk17,12095.0,2.0
x6jmvXyd8us,andymcltest,14125.0,2.88
x7UvYQ_zj8k,jimmythehyena,19700.0,2.33
x7XP5xKCf4E,cruelintenti0ns4,48741.0,1.77
x7f2lJH9vRg,jdjanie,19746.0,1.8
x83TETcDx6k,mrsponz,12018.0,2.0
xALdrdmdmzg,briancurtin,728532.0,1.48
xD8mdp8L-LQ,eesafari,15476.0,2.68
xDQ4h0s2bPU,Kidd2Sikkle,18291.0,1.73
xDo8Hjju2eY,VargasGirlForever,54872.0,2.66
xEYIvuh5Zj8,PornStarEllie,19449.0,1.92
xF_RBZ1aa4E,Lupineproductions,14659.0,2.29
xG5mLD1Wm20,biglydogg,17266.0,2.32
xHxkAlWBbxw,sotuman,38855.0,1.81
xJ3g63T8ye8,Damanonpep90,11396.0,2.58
xKA9Nuz241g,thedispatcherATEME,29958.0,1.56
xLHs2e6d63o,iheartpeca,22157.0,1.73
xM4ZqRgGbRc,bisbis006,37505.0,2.82
xMzH2Q4_bG0,Action4U,13916.0,2.75
xNJF0rnLfno,burhaner44,29092.0,2.81
xPFSnoP3LIE,lilovemonkeysl,21656.0,2.96
xPc_5odmHiY,dxista,53659.0,2.46
xQWZrqt4R8Y,Christian37,10917.0,2.84
xR-DEg-eg0k,FatherHam,15378.0,2.79
xU5TMRyGy6A,eddyk3,40785.0,1.4
xVsQvQr2CjU,WeHoGirls,175575.0,2.08
xWxQs9ZYbHg,jofy88,23528.0,1.82
xY1LMQ91Jfc,thenakednews,20309.0,2.28
xYSSvECwxsE,Partykingzz,13161.0,1.0
xZY9O7ZDjQg,scotsman1234,11295.0,2.61
x_jm10Ba6Nw,VanchaMarcH,11959.0,2.0
xawX02iYFq4,yasutakatani,83389.0,2.62
xbgZCwSBTec,invazorsantos,24812.0,2.82
xeMmhBlWFgs,mair0666,23150.0,2.55
xh0b9WBp9jw,NealConnery,176991.0,2.08
xhbS1yPflNg,BiffReagle,16476.0,1.6
xhkLIipdEr4,AshleeSmith,33111.0,1.58
xhtYk5crxVY,DarthFloydian,72925.0,2.35
xkYZEEsjyAs,kdixon7783,11927.0,2.6
xl_eI3a_8aw,kumixy,12477.0,0.0
xngs9F89mr8,lilfag13,79070.0,1.67
xo5qSsVzcyQ,Devilbat,14907.0,2.19
xoY-FyFEItc,thasuper,14849.0,2.82
xodGkj8HTG0,alelindamuax,233899.0,2.16
xovvlcJrlvQ,badgone007,13927.0,0.0
xpoBDC4BjQE,kitten25,11885.0,2.31
xqRzSsboAcQ,JordanG1211,15517.0,1.49
xqXkRj5fuDY,mpacheco12,11330.0,2.56
xu1ihVkDiwA,Jotatonta,17696.0,1.29
xvnimqif2_A,Hair360,17221.0,2.0
xwTKbpdQPPI,alwaysmc2,27847.0,2.06
y-KiP7hD63g,CBS,172619.0,2.33
y-f1TAIwaBI,Martitazorra,12714.0,1.8
y2YQjAz-4OM,7HL,12770.0,0.0
y3p2eTQoB4s,leandrosystem2,13547.0,2.0
y482xeNdSVo,puckfried,92650.0,2.56
y4gZ5c7N6Yg,tifferz0416472036,39889.0,0.0
y5Un5iXFLhc,shampoo02,18107.0,2.51
y8k5QbVz3SE,arteleon,16384.0,2.86
yAPaOqND0B0,splasch1956,11158.0,1.74
yAhhFpvZ_cI,charlemagnexli,13102.0,0.0
yBJ9x0Qx6cA,bigcorrosco,21654.0,2.5
yCYSINqSSnQ,SofiBonde,219122.0,2.77
yH7RYOq26Yc,Foxyone1986,66806.0,2.26
yJabivV_grI,pbigdip,12905.0,2.27
yKzSHtYqQvo,jneuhaus,15195.0,2.2
yLmvsqL1f-E,warnerbrosrecords,392771.0,2.61
yQUdV2vVYFk,chanbros,17534.0,2.93
yQxxo5T_WmM,monosodiumglutimate,19574.0,2.12
ySflEaW3NeU,lisaburd,18307.0,2.62
yTJGUwbphVA,nofacechick,15389.0,2.14
yTjQNPZ0228,ghentboy,28429.0,2.42
yVj8ucsCi-g,badtown,14063.0,2.14
yXLIHqQICwQ,gabemcd,10581.0,2.54
yYVwi_yUu2g,bri0702,27591.0,2.29
yZeq5hs4oVQ,tapedcookie,84464.0,1.95
y_C51XhwbCs,friendlycomputers1,10636.0,2.0
ycvnuhoWTu8,ryanrightthurr,53642.0,2.91
yd2PNHPpEPA,truballa2k3,16344.0,2.54
ydfvl9Wcpp4,Nailon,12265.0,1.92
ydzh50-mnAY,MrOMA,19342.0,0.0
ye0vcfjosbc,whatsupwith,25389.0,0.0
yfzD_L83ERw,tyroneasaurusrex,19104.0,2.76
yiMBKgweAjk,choubidouwouah,24275.0,2.68
yjV0TRhqnhY,ciao73d,19597.0,2.57
yln46g71x8s,TwistedTechTV,948506.0,2.86
ymCPFIZtRxQ,SNAGROM4,30558.0,2.48
ymJm07vCglg,Filmstudent,20641.0,2.86
yn9rzUINmKM,CadillacSixteen0016,19961.0,1.33
ynyMexkQxQg,sonomanmafera,33502.0,1.58
yoiNmHAJ8GA,Toa1337,23056.0,1.73
yot0ag7xUq0,rafaelmagoo,56515.0,2.82
yotNE4DfEVw,antigravitationman,65060.0,1.84
yqurKTXn5jU,YuriLed,16547.0,2.0
ysOsVL08PHI,EarthWiseChantal,14433.0,0.0
ytNwHLYE7E8,tugrulabus,12873.0,2.78
yteGrx73gN4,steveng7,13029.0,2.71
yuJOtdbA8q8,DirectorSam,22773.0,2.28
yuuKN98446U,pamandersonhawaii,65324.0,1.42
ywC-ogekopw,rachx06,20643.0,2.46
yx2JiT7UVC8,seaxs,24289.0,2.44
yx5HO3lDNbU,macauboy429,17826.0,2.05
yxGQmSZ_vX0,fedeeeh,41752.0,1.55
yxIsNh-O_GY,xXxLaurzyxXx,10796.0,2.0
yxY9jtD8D7A,wowwhatanass,17346.0,2.52
yxhg5MJsXkg,drivebytimo,18978.0,2.3
yzvXkhiCoLg,ambrynigga,17365.0,1.85
z-hwWM8Zvvk,Nico401,30881.0,2.02
z01FVctYlrg,vegetokes1,12827.0,1.38
z1GqEP81JCI,telenovelasbr,11931.0,0.0
z3QihQR9Gkg,Ajac0,62733.0,2.07
z6j3WMmxIeU,zero1eye,29111.0,2.1
z6jwSZ0Yw2M,l727lShocker,27583.0,2.53
z8fmw5MVx9M,Semeril,44496.0,2.91
z9omjR1ha9k,meleos,426272.0,2.0
zA8b4itiRJM,baby16tigga,13875.0,2.14
zB2XQqNuAqs,TaraKP,85852.0,2.92
zBMfyUvhMRo,Mottyboo1,17436.0,0.0
zBRzzr5kzsk,JohnnyThunderz,15597.0,2.21
zBTyffwQ_-g,jackk387,15573.0,2.93
zDZm-_61vJU,gazsannsei,10945.0,2.5
zFjN8vgLeDU,filmwave,23718.0,2.25
zHNfw-OgDp8,worldsfastestdrummer,60405.0,2.7
zIRDEROnH4U,LittleMonkeyMonster,11614.0,2.96
zJldhqTAjSs,21ButRich,52796.0,1.73
zK38gbwlYkE,Yelor,13414.0,2.0
zMRzxPP8Hg0,PowDNA,131786.0,2.05
zNgklfvG5Lg,centredeestudis,118515.0,2.94
zNz_k8unyFA,asteca,95099.0,2.45
zOcrU4PZjW0,Misguided,48406.0,2.38
zTGvgW0Tncg,theglitch,115049.0,1.52
zTqsVySyGk0,chizuru178,55797.0,2.06
zTzAZOVgQHk,p2proxtheworld,17087.0,0.0
zUlq6MVlyv0,rositabu,34359.0,1.36
zWgkwqD0DK0,jskizo,17507.0,1.52
zXxr8a729LU,Ultratime,17868.0,2.89
zYBolNvJHLY,Alkyd87,10526.0,0.0
zYXqnhvIy6I,bootylover77,60744.0,1.23
zYoTManZqvg,kalle87,18624.0,2.85
zZpt0B1GnCI,cuentastudent,18455.0,2.36
z_MFq-XlHdU,KingPetrucci,10557.0,2.44
zctB-KmrAu8,wehelpyouskate,25210.0,2.75
zeBgbrieSOg,Ariestedes,11672.0,2.8
zfrJNiqUpqg,jdude1225,13253.0,2.35
zfrTSOD0WyI,zacharyb581,30044.0,2.32
zgp81zSesSI,cogiefan,15860.0,0.0
zi6W9DJcrUQ,zioaxiom,12310.0,2.68
ziCAAyuAunc,tagariaag1981,48996.0,1.81
ziHqkVDFaOY,kkubiak,25052.0,0.0
zloqt3NuZkw,shoutixx,17182.0,2.69
zo79ZG0ZTdY,Kylec3,16660.0,2.24
zqVIp0silMY,ahgordo,10105.0,2.6
zquJLDAP3JI,zoriah,23688.0,2.43
zrNl_oIarFE,roop08,22519.0,2.64
zsC6_RlQUD8,jaycette,10652.0,1.48
zu5IUvJyzAk,xixbrettxix,10892.0,2.14
zwJVt1yyOBg,wealthyunfamousx5,17737.0,1.89
zwN1KFsM-yM,sospoison,42460.0,1.82
zxWjRCtQCA8,xgreekboyx55,24393.0,1.41
zxjTKqBg-As,WildAngel79,11837.0,1.5
